Rank,Player,Country,Position,Assists,Attempts On Target,Attempts At Goal,Attempts At Goal Conv. Rate (%),Attempts Inside the Penalty Area,Attempts Outside the Penalty Area,Headed Attempts at Goal,xG,xG Efficiency,Corners
1,Michael Olise,FRA,FW,7,5,20,0,10,10,0,2.34,0x,25
2,Martin Odegaard,NOR,MF,4,3,9,0,5,4,0,0.72,0x,12
2,Kylian Mbappe,FRA,FW,4,23,41,24,27,14,0,6.54,1.53x,5
2,Brahim Diaz,MAR,FW,4,1,6,0,4,2,0,0.31,0x,1
2,Bruno Guimaraes,BRA,MF,4,2,8,0,5,3,1,1.02,0x,8
2,Lionel Messi,ARG,FW,4,19,35,23,16,19,0,6.18,1.29x,38
7,Roberto Alvarado,MEX,FW,3,0,5,0,2,3,0,0.28,0x,14
7,Anthony Gordon,ENG,FW,3,4,6,17,6,0,2,0.7,1.43x,0
7,Florian Wirtz,GER,MF,3,1,10,0,5,5,0,0.97,0x,5
7,Andreas Schjelderup,NOR,MF,3,2,3,33,3,0,0,0.2,5.12x,0
7,Bukayo Saka,ENG,FW,3,7,13,23,11,2,1,1.72,1.74x,5
7,Alexander Isak,SWE,FW,3,6,8,13,5,3,1,0.68,1.48x,0
13,Chris Wood,NZL,FW,2,2,5,0,3,2,2,0.47,0x,0
13,Johan Manzambi,SUI,MF,2,3,6,50,4,2,0,0.63,4.73x,0
13,Breel Embolo,SUI,FW,2,5,10,20,8,2,2,2.58,0.78x,0
13,Dani Olmo,ESP,FW,2,2,13,0,7,6,2,1.16,0x,0
13,Marc Cucurella,ESP,DF,2,3,5,0,3,2,1,0.35,0x,0
13,Viktor Gyokeres,SWE,FW,2,6,12,8,9,3,0,1.39,0.72x,0
13,Nicolas Raskin,BEL,MF,2,1,2,0,2,0,1,0.13,0x,0
13,Patrick Berg,NOR,MF,2,0,3,0,0,3,0,0.29,0x,10
13,Joshua Kimmich,GER,DF,2,1,5,0,1,4,0,0.15,0x,15
13,Hans Vanaken,BEL,MF,2,1,5,20,4,1,0,0.64,1.56x,0
13,Leandro Trossard,BEL,FW,2,4,17,12,10,7,0,1.67,1.2x,0
13,Deniz Undav,GER,FW,2,4,6,50,5,1,0,1.43,2.1x,0
13,Crysencio Summerville,NED,FW,2,2,2,100,1,1,0,0.16,12.33x,3
13,Ryan Gravenberch,NED,MF,2,0,5,0,2,3,0,0.25,0x,0
13,Ousmane Dembele,FRA,FW,2,10,20,30,13,7,1,2.1,2.86x,17
13,Denzel Dumfries,NED,DF,2,2,5,0,4,1,2,0.44,0x,0
13,Declan Rice,ENG,MF,2,3,6,17,3,3,1,0.31,3.23x,30
13,Houssem Aouar,ALG,MF,2,1,3,0,1,2,0,0.24,0x,0
13,Julio Enciso,PAR,FW,2,1,8,13,6,2,1,0.74,1.36x,2
13,Nathan Saliba,CAN,MF,2,1,3,33,1,2,1,0.3,3.36x,0
13,Achraf Hakimi,MAR,DF,2,4,14,7,6,8,0,0.96,1.04x,21
13,Hannibal Mejbri,TUN,MF,2,1,3,0,0,3,0,0.06,0x,4
13,Mohamed Salah,EGY,FW,2,4,9,11,7,2,1,0.95,1.05x,15
13,Iliman Ndiaye,SEN,FW,2,2,3,33,2,1,0,0.21,4.76x,0
37,Mohamed Hany,EGY,DF,1,0,4,0,0,4,0,0.09,0x,0
37,Mostafa Zico,EGY,MF,1,3,8,25,7,1,2,1.1,1.82x,0
37,Wilfried Singo,CIV,DF,1,0,2,0,2,0,0,0.14,0x,0
37,Sadio Mane,SEN,FW,1,3,6,0,4,2,0,0.58,0x,1
37,Ernest Nuamah,GHA,FW,1,0,0,0,0,0,0,0.0,0x,0
37,Chadi Riad,MAR,DF,1,0,1,0,1,0,1,0.12,0x,0
37,Promise David,CAN,FW,1,3,5,20,3,2,1,0.75,1.34x,0
37,Moussa Niakhate,SEN,DF,1,0,1,0,1,0,1,0.06,0x,0
37,Jean Kevin Duverne,HAI,DF,1,0,1,0,1,0,0,0.03,0x,0
37,Nicolas Jackson,SEN,FW,1,3,7,0,6,1,2,0.56,0x,0
37,Ismaila Sarr,SEN,FW,1,6,17,24,15,2,2,3.68,1.09x,0
37,Nicolas Pepe,CIV,FW,1,3,6,33,5,1,0,1.42,1.41x,6
37,Soufiane Rahimi,MAR,FW,1,4,6,33,5,1,2,1.59,1.26x,0
37,Chemsdine Talbi,MAR,MF,1,0,2,0,1,1,0,0.05,0x,0
37,Haissem Hassan,EGY,FW,1,0,1,0,1,0,0,0.09,0x,0
37,Lamine Camara,SEN,MF,1,0,3,0,0,3,0,0.14,0x,5
37,Abdoulaye Seck,SEN,DF,1,0,2,0,1,1,1,0.05,0x,0
37,Karim Hafez,EGY,DF,1,0,1,0,0,1,0,0.01,0x,0
37,Yan Diomande,CIV,FW,1,0,4,0,3,1,1,0.26,0x,11
37,Tshepang Moremi,RSA,FW,1,0,0,0,0,0,0,0.0,0x,0
37,Trezeguet,EGY,FW,1,3,8,13,6,2,3,0.71,1.4x,0
37,Pape Gueye,SEN,MF,1,3,8,25,1,7,0,0.37,5.4x,0
37,Marawan Attia,EGY,MF,1,1,4,0,1,3,0,0.05,0x,0
37,Yannick Semedo,CPV,MF,1,0,1,0,0,1,0,0.01,0x,2
37,Brandon Thomas Asante,GHA,FW,1,0,0,0,0,0,0,0.0,0x,0
37,Ibrahim Sangare,CIV,MF,1,0,1,0,0,1,0,0.0,0x,0
37,Hwang Inbeom,KOR,MF,1,2,4,25,2,2,0,0.37,2.74x,0
37,Riyad Mahrez,ALG,FW,1,3,6,33,4,2,0,1.49,1.34x,5
37,Takefusa Kubo,JPN,MF,1,0,1,0,0,1,0,0.01,0x,0
37,Amir Alammari,IRQ,MF,1,0,0,0,0,0,0,0.0,0x,3
37,Ryan Mendes,CPV,FW,1,0,6,0,3,3,0,0.07,0x,0
37,Ayase Ueda,JPN,FW,1,4,9,22,5,4,2,0.63,3.15x,0
37,Ritsu Doan,JPN,MF,1,0,1,0,0,1,0,0.02,0x,1
37,Arthur Masuaku,COD,DF,1,0,0,0,0,0,0,0.0,0x,6
37,Noor Alrawabdeh,JOR,MF,1,0,1,0,0,1,0,0.03,0x,0
37,Kou Itakura,JPN,DF,1,0,0,0,0,0,0,0.0,0x,0
37,Ramin Rezaeian,IRN,DF,1,2,4,50,4,0,0,0.97,2.06x,7
37,Ehsan Haddad,JOR,DF,1,0,1,0,1,0,0,0.03,0x,0
37,Kaishu Sano,JPN,MF,1,1,1,100,0,1,0,0.09,11.52x,0
37,Lee Kangin,KOR,MF,1,1,4,0,1,3,0,0.15,0x,9
37,Chancel Mbemba,COD,DF,1,0,1,0,1,0,0,0.05,0x,0
37,Keito Nakamura,JPN,MF,1,2,5,20,2,3,0,0.17,5.98x,0
37,Koki Ogawa,JPN,FW,1,0,3,0,3,0,2,0.22,0x,0
37,Edmilson Junior,QAT,FW,1,2,3,0,3,0,0,0.43,0x,0
37,Mousa Altamari,JOR,FW,1,3,8,13,4,4,0,1.13,0.89x,0
37,Meschack Elia,COD,FW,1,2,2,0,0,2,0,0.05,0x,0
37,Ferran Torres,ESP,FW,1,4,14,7,13,1,5,2.72,0.37x,0
37,Alexandr Sojka,CZE,MF,1,0,0,0,0,0,0,0.0,0x,1
37,Baris Alper Yilmaz,TUR,FW,1,0,1,100,0,1,0,0.06,16.87x,0
37,Ruben Vargas,SUI,FW,1,4,6,33,4,2,0,1.31,1.53x,11
37,Dennis Hadzikadunic,BIH,DF,1,0,0,0,0,0,0,0.0,0x,0
37,Vladimir Coufal,CZE,DF,1,0,1,0,1,0,1,0.02,0x,9
37,Tim Payne,NZL,DF,1,0,1,0,0,1,0,0.02,0x,3
37,Orkun Kokcu,TUR,MF,1,0,3,0,2,1,0,0.56,0x,2
37,Ricardo Rodriguez,SUI,DF,1,0,1,0,0,1,0,0.02,0x,4
37,Lucas Bergvall,SWE,MF,1,0,2,0,2,0,1,0.68,0x,0
37,Ivan Basic,BIH,MF,1,0,4,0,0,4,0,0.15,0x,5
37,Paul Okon Engstler,AUS,MF,1,0,0,0,0,0,0,0.0,0x,1
37,Aymeric Laporte,ESP,DF,1,2,5,0,3,2,3,0.36,0x,0
37,Alex Baena,ESP,MF,1,5,12,8,4,8,0,0.5,2x,28
37,Sead Kolasinac,BIH,DF,1,0,0,0,0,0,0,0.0,0x,0
37,Akmal Mozgovoy,UZB,MF,1,0,1,0,1,0,0,0.08,0x,0
37,Marcos Llorente,ESP,DF,1,0,0,0,0,0,0,0.0,0x,0
37,Mikel Oyarzabal,ESP,FW,1,12,23,22,16,7,5,4.33,1.14x,0
37,Nico Williams,ESP,FW,1,2,4,0,2,2,1,0.56,0x,3
37,Charles De Ketelaere,BEL,FW,1,5,6,50,6,0,3,1.51,1.98x,0
37,Marcus Rashford,ENG,FW,1,5,12,8,9,3,2,1.03,0.97x,0
37,Timothy Castagne,BEL,DF,1,1,3,0,2,1,1,0.14,0x,0
37,Virgil Van Dijk,NED,DF,1,2,2,50,2,0,2,0.14,7.26x,0
37,Elliot Anderson,ENG,MF,1,1,7,0,3,4,2,0.38,0x,3
37,Romelu Lukaku,BEL,FW,1,3,6,50,6,0,2,0.77,3.91x,0
37,Adrien Rabiot,FRA,MF,1,1,9,0,4,5,2,0.96,0x,0
37,Jude Bellingham,ENG,MF,1,13,19,37,16,3,4,3.92,1.79x,0
37,Josip Stanisic,CRO,DF,1,0,0,0,0,0,0,0.0,0x,0
37,Ivan Perisic,CRO,FW,1,2,2,50,2,0,1,0.32,3.15x,2
37,Nathaniel Brown,GER,DF,1,2,3,33,3,0,0,0.21,4.87x,11
37,Luka Modric,CRO,MF,1,0,1,0,1,0,1,0.05,0x,7
37,Thomas Meunier,BEL,DF,1,1,2,0,1,1,0,0.11,0x,0
37,Bradley Barcola,FRA,FW,1,5,10,30,7,3,1,1.99,1.51x,0
37,Desire Doue,FRA,FW,1,8,13,8,4,9,1,0.71,1.41x,2
37,Harry Kane,ENG,FW,1,11,23,26,18,5,5,3.69,1.63x,0
37,Xaver Schlager,AUT,MF,1,0,1,0,0,1,0,0.02,0x,0
37,Cody Gakpo,NED,FW,1,6,10,30,8,2,2,1.35,2.23x,1
37,Morgan Rogers,ENG,MF,1,1,3,0,1,2,0,0.13,0x,0
37,Konrad Laimer,AUT,MF,1,0,1,0,0,1,0,0.01,0x,0
37,Memphis Depay,NED,FW,1,0,0,0,0,0,0,0.0,0x,1
37,David Moller Wolfe,NOR,DF,1,0,0,0,0,0,0,0.0,0x,0
37,Aurelien Tchouameni,FRA,MF,1,0,3,0,1,2,0,0.11,0x,0
37,Dayot Upamecano,FRA,DF,1,2,4,0,3,1,2,0.54,0x,0
37,Rafael Leao,POR,FW,1,1,4,25,3,1,0,0.33,3.07x,3
37,Joao Cancelo,POR,DF,1,0,3,0,1,2,0,0.06,0x,1
37,Bruno Fernandes,POR,MF,1,3,9,0,5,4,0,0.95,0x,8
37,Tijjani Reijnders,NED,MF,1,2,4,0,3,1,0,0.48,0x,10
37,Eberechi Eze,ENG,MF,1,0,5,0,2,3,0,0.28,0x,1
37,Pedro Neto,POR,FW,1,0,1,0,0,1,0,0.0,0x,0
37,Felix Nmecha,GER,MF,1,3,8,13,3,5,0,0.49,2.04x,0
37,Mateo Kovacic,CRO,MF,1,4,5,0,1,4,0,0.46,0x,0
37,Nadiem Amiri,GER,MF,1,1,2,0,1,1,0,0.26,0x,0
37,Michael Gregoritsch,AUT,FW,1,0,1,0,1,0,1,0.18,0x,0
37,Petar Sucic,CRO,MF,1,2,3,33,1,2,0,0.14,7.07x,0
37,Lautaro Martinez,ARG,FW,1,4,10,30,9,1,2,2.17,1.38x,0
37,Luis Romo,MEX,MF,1,1,3,33,1,2,0,0.1,10.05x,0
37,Nico Gonzalez,ARG,MF,1,1,7,0,7,0,4,0.48,0x,0
37,Christian Pulisic,USA,FW,1,2,4,0,2,2,0,0.42,0x,1
37,Kevin Rodriguez,ECU,FW,1,1,6,0,6,0,2,0.68,0x,0
37,Gabriel Magalhaes,BRA,DF,1,0,1,0,1,0,0,0.03,0x,0
37,Pedro Vite,ECU,MF,1,1,4,0,1,3,0,0.23,0x,2
37,Rodrigo De Paul,ARG,MF,1,1,2,0,0,2,0,0.06,0x,1
37,Rayan,BRA,FW,1,2,5,0,3,2,1,0.76,0x,1
37,Gonzalo Montiel,ARG,DF,1,0,1,0,1,0,0,0.15,0x,0
37,Facundo Medina,ARG,DF,1,0,0,0,0,0,0,0.0,0x,0
37,Alexis Mac Allister,ARG,MF,1,4,13,8,10,3,9,1.92,0.52x,0
37,Vinicius Junior,BRA,FW,1,11,17,24,14,3,1,3.24,1.23x,2
37,Jose Manuel Lopez,ARG,FW,1,0,1,0,1,0,0,0.04,0x,0
37,Lisandro Martinez,ARG,DF,1,2,4,25,2,2,0,0.2,5.09x,0
37,Luis Diaz,COL,FW,1,7,19,5,15,4,0,1.47,0.68x,3
37,Jorge Sanchez,MEX,DF,1,1,1,0,1,0,0,0.04,0x,0
37,Luis Suarez,COL,FW,1,0,9,0,7,2,2,0.96,0x,0
37,Maxi Araujo,URU,MF,1,3,4,50,3,1,2,1.09,1.83x,10
37,Matias Galarza,PAR,MF,1,1,2,50,0,2,0,0.07,13.75x,0
37,Malik Tillman,USA,MF,1,4,8,25,5,3,0,0.73,2.75x,10
37,Alex Freeman,USA,DF,1,1,4,25,4,0,3,0.78,1.28x,0
37,Lucas Paqueta,BRA,MF,1,1,5,0,2,3,1,0.24,0x,1
37,Erik Lira,MEX,MF,1,0,0,0,0,0,0,0.0,0x,0
37,David Alaba,AUT,DF,1,0,2,0,0,2,0,0.02,0x,1
37,Cucho Hernandez,COL,FW,1,0,1,0,1,0,1,0.04,0x,0
37,Julian Quinones,MEX,FW,1,6,14,29,8,6,2,2.27,1.76x,0
37,Juan Quintero,COL,MF,1,0,4,0,0,4,0,0.13,0x,6
37,Gustavo Puerta,COL,DF,1,5,14,0,3,11,0,0.53,0x,0
37,Sebastian Berhalter,USA,MF,1,1,3,33,0,3,0,0.1,10.14x,12
167,Matias Vina,URU,DF,0,0,0,0,0,0,0,0.0,0x,0
167,Ronald Araujo,URU,DF,0,0,0,0,0,0,0,0.0,0x,0
167,Brenden Aaronson,USA,FW,0,1,3,0,3,0,0,0.46,0x,0
167,Casemiro,BRA,MF,0,2,4,25,2,2,2,0.66,1.51x,0
167,Kevin Castano,COL,MF,0,0,0,0,0,0,0,0.0,0x,0
167,Exequiel Palacios,ARG,MF,0,0,0,0,0,0,0,0.0,0x,0
167,Nicolas Tagliafico,ARG,DF,0,0,0,0,0,0,0,0.0,0x,0
167,Emiliano Martinez,ARG,GK,0,0,0,0,0,0,0,0.0,0x,0
167,Timothy Weah,USA,FW,0,0,2,0,1,1,0,0.05,0x,0
167,Antonio Sanabria,PAR,FW,0,0,0,0,0,0,0,0.0,0x,0
167,Miles Robinson,USA,DF,0,0,1,0,1,0,1,0.06,0x,0
167,Leandro Paredes,ARG,MF,0,1,4,0,0,4,0,0.07,0x,1
167,Jose Canale,PAR,DF,0,0,0,0,0,0,0,0.0,0x,0
167,Brian Rodriguez,URU,FW,0,1,3,0,1,2,0,0.22,0x,10
167,Antonee Robinson,USA,DF,0,0,0,0,0,0,0,0.0,0x,3
167,Jordy Alcivar,ECU,MF,0,0,1,0,1,0,0,0.04,0x,0
167,Edgar Yoel Barcenas,PAN,MF,0,0,2,0,0,2,0,0.05,0x,3
167,Juan Portilla,COL,MF,0,0,0,0,0,0,0,0.0,0x,0
167,Fabinho,BRA,MF,0,0,1,0,1,0,1,0.02,0x,0
167,Miguel Almiron,PAR,MF,0,0,4,0,1,3,0,0.11,0x,2
167,Fernando Muslera,URU,GK,0,0,0,0,0,0,0,0.0,0x,0
167,Sergio Rochet,URU,GK,0,0,0,0,0,0,0,0.0,0x,0
167,Danilo Santos,BRA,MF,0,1,2,0,2,0,1,0.19,0x,0
167,Jhon Arias,COL,MF,0,4,9,11,7,2,0,0.94,1.07x,4
167,Denil Castillo,ECU,MF,0,0,0,0,0,0,0,0.0,0x,0
167,Juan Manuel Sanabria,URU,MF,0,0,3,0,2,1,0,0.09,0x,0
167,Ricardo Pepi,USA,FW,0,0,5,0,5,0,2,0.38,0x,0
167,Gabriel Avalos,PAR,FW,0,0,1,0,1,0,0,0.05,0x,0
167,Cristian Roldan,USA,MF,0,0,0,0,0,0,0,0.0,0x,0
167,Giorgian De Arrascaeta,URU,MF,0,0,0,0,0,0,0,0.0,0x,0
167,Nahuel Molina,ARG,DF,0,0,1,0,0,1,0,0.02,0x,0
167,Fidel Escobar,PAN,DF,0,0,0,0,0,0,0,0.0,0x,0
167,Ramon Sosa,PAR,MF,0,0,0,0,0,0,0,0.0,0x,0
167,Tyler Adams,USA,MF,0,0,0,0,0,0,0,0.0,0x,0
167,Gaston Olveira,PAR,GK,0,0,0,0,0,0,0,0.0,0x,0
167,Bremer,BRA,DF,0,0,0,0,0,0,0,0.0,0x,0
167,Gonzalo Valle,ECU,GK,0,0,0,0,0,0,0,0.0,0x,0
167,Rodrigo Aguirre,URU,FW,0,0,0,0,0,0,0,0.0,0x,0
167,Raphinha,BRA,FW,0,2,3,0,1,2,0,0.34,0x,7
167,Felix Torres,ECU,DF,0,0,0,0,0,0,0,0.0,0x,0
167,Cesar Huerta,MEX,FW,0,0,0,0,0,0,0,0.0,0x,0
167,Alex Sandro,BRA,DF,0,0,0,0,0,0,0,0.0,0x,0
167,Alisson,BRA,GK,0,0,0,0,0,0,0,0.0,0x,0
167,Carlos Acevedo,MEX,GK,0,0,0,0,0,0,0,0.0,0x,0
167,Rodrigo Bentancur,URU,MF,0,0,4,0,3,1,3,0.32,0x,0
167,Weston Mckennie,USA,MF,0,1,5,0,4,1,2,0.6,0x,0
167,Chris Richards,USA,DF,0,0,1,0,1,0,1,0.06,0x,0
167,Nicolas Otamendi,ARG,DF,0,0,1,0,1,0,1,0.07,0x,0
167,Gonzalo Plata,ECU,FW,0,5,8,13,4,4,1,1.16,0.86x,4
167,Alvaro Fidalgo,MEX,MF,0,2,3,33,2,1,0,0.35,2.85x,0
167,Roger Ibanez,BRA,DF,0,0,0,0,0,0,0,0.0,0x,0
167,Santiago Gimenez,MEX,FW,0,1,2,0,2,0,0,0.34,0x,0
167,Alan Minda,ECU,MF,0,0,2,0,1,1,0,0.44,0x,0
167,Cristian Martinez,PAN,MF,0,0,1,0,1,0,0,0.24,0x,4
167,Raul Jimenez,MEX,FW,0,7,18,17,13,5,7,3.0,1x,0
167,Agustin Canobbio,URU,MF,0,1,4,25,4,0,1,0.75,1.33x,0
167,Andres Cubas,PAR,MF,0,0,1,0,0,1,0,0.02,0x,0
167,Joe Scally,USA,DF,0,0,0,0,0,0,0,0.0,0x,0
167,Angelo Preciado,ECU,DF,0,0,0,0,0,0,0,0.0,0x,0
167,Neymar Jr,BRA,FW,0,2,3,33,3,0,0,0.82,1.22x,5
167,Eric Davis,PAN,DF,0,0,1,0,0,1,0,0.0,0x,2
167,Mauricio,PAR,MF,0,3,4,25,2,2,0,0.32,3.12x,5
167,Jose Cordoba,PAN,DF,0,0,0,0,0,0,0,0.0,0x,0
167,Alex Zendejas,USA,FW,0,0,1,0,1,0,0,0.0,0x,0
167,Raul Rangel,MEX,GK,0,0,0,0,0,0,0,0.0,0x,0
167,Giuliano Simeone,ARG,FW,0,0,1,0,1,0,0,0.05,0x,0
167,Mateo Chavez,MEX,DF,0,1,1,100,1,0,0,0.49,2.04x,0
167,Piero Hincapie,ECU,DF,0,0,3,0,3,0,3,0.4,0x,1
167,Orlando Gill,PAR,GK,0,0,0,0,0,0,0,0.0,0x,0
167,Carlos Harvey,PAN,DF,0,0,5,0,4,1,2,0.29,0x,0
167,Josue Casimir,HAI,FW,0,0,1,0,0,1,0,0.01,0x,0
167,Moises Ramirez,ECU,GK,0,0,0,0,0,0,0,0.0,0x,0
167,John Yeboah,ECU,FW,0,3,8,0,4,4,0,0.72,0x,3
167,Daniel Munoz,COL,DF,0,2,3,67,3,0,0,0.64,3.11x,0
167,Isidro Pitta,PAR,FW,0,0,0,0,0,0,0,0.0,0x,0
167,Tomas Rodriguez,PAN,FW,0,1,1,0,0,1,0,0.06,0x,0
167,Guillermo Varela,URU,DF,0,0,2,0,0,2,0,0.01,0x,0
167,Cecilio Waterman,PAN,FW,0,1,2,0,2,0,0,0.05,0x,0
167,Giovanni Reyna,USA,MF,0,1,2,50,2,0,0,0.22,4.61x,0
167,Obed Vargas,MEX,MF,0,1,1,0,0,1,0,0.02,0x,0
167,Santiago Mele,URU,GK,0,0,0,0,0,0,0,0.0,0x,0
167,Igor Thiago,BRA,FW,0,1,2,0,2,0,1,0.4,0x,0
167,Jaminton Campaz,COL,FW,0,3,6,17,3,3,1,0.64,1.56x,0
167,Thiago Almada,ARG,FW,0,2,5,0,2,3,0,0.25,0x,0
167,Alexis Vega,MEX,FW,0,0,0,0,0,0,0,0.0,0x,0
167,Valentin Barco,ARG,MF,0,0,0,0,0,0,0,0.0,0x,0
167,Jorge Gutierrez,PAN,DF,0,0,0,0,0,0,0,0.0,0x,0
167,Camilo Vargas,COL,GK,0,0,0,0,0,0,0,0.0,0x,0
167,Cesar Montes,MEX,DF,0,1,1,0,1,0,1,0.06,0x,0
167,Joaquin Piquerez,URU,MF,0,0,0,0,0,0,0,0.0,0x,0
167,Giovani Lo Celso,ARG,MF,0,1,1,100,0,1,0,0.15,6.61x,1
167,Gustavo Velazquez,PAR,DF,0,0,0,0,0,0,0,0.0,0x,0
167,Andres Andrade,PAN,DF,0,0,0,0,0,0,0,0.0,0x,0
167,Facundo Pellistri,URU,FW,0,0,0,0,0,0,0,0.0,0x,0
167,Gilberto Mora,MEX,MF,0,0,5,0,3,2,0,0.13,0x,2
167,Ederson Silva,BRA,MF,0,0,2,0,1,1,0,0.34,0x,0
167,Mark Mckenzie,USA,DF,0,0,0,0,0,0,0,0.0,0x,0
167,Guillermo Ochoa,MEX,GK,0,0,0,0,0,0,0,0.0,0x,0
167,Gustavo Caballero,PAR,MF,0,1,1,0,1,0,1,0.07,0x,0
167,Orlando Mosquera,PAN,GK,0,0,0,0,0,0,0,0.0,0x,0
167,Matheus Cunha,BRA,FW,0,4,10,30,5,5,1,1.21,2.49x,3
167,Cesar Blackman,PAN,DF,0,1,2,0,2,0,0,0.08,0x,0
167,Manuel Ugarte,URU,MF,0,1,3,0,0,3,0,0.09,0x,0
167,Moises Caicedo,ECU,MF,0,1,4,0,1,3,1,0.19,0x,8
167,Mathias Olivera,URU,DF,0,0,1,0,1,0,1,0.05,0x,0
167,Luis Chavez,MEX,MF,0,0,0,0,0,0,0,0.0,0x,0
167,Santiago Arias,COL,DF,0,0,0,0,0,0,0,0.0,0x,0
167,Douglas Santos,BRA,DF,0,0,2,0,2,0,0,0.2,0x,0
167,Alex Arce,PAR,FW,0,0,0,0,0,0,0,0.0,0x,0
167,Cesar Yanis,PAN,MF,0,0,0,0,0,0,0,0.0,0x,0
167,Enner Valencia,ECU,FW,0,6,10,0,9,1,2,1.53,0x,0
167,Julian Alvarez,ARG,FW,0,5,11,9,7,4,0,1.39,0.72x,0
167,Nico Paz,ARG,FW,0,0,1,0,0,1,0,0.08,0x,0
167,Nicolas De La Cruz,URU,MF,0,2,4,0,1,3,0,0.11,0x,4
167,Jackson Porozo,ECU,DF,0,0,0,0,0,0,0,0.0,0x,0
167,Federico Vinas,URU,FW,0,3,6,0,6,0,5,0.39,0x,0
167,Edson Alvarez,MEX,DF,0,0,2,0,1,1,1,0.19,0x,0
167,Juan Jose Caceres,PAR,DF,0,1,2,0,1,1,0,0.07,0x,0
167,Alan Franco,ECU,MF,0,0,0,0,0,0,0,0.0,0x,0
167,Marko Arnautovic,AUT,FW,0,3,3,67,3,0,0,1.31,1.53x,0
167,Jose Maria Gimenez,URU,DF,0,0,0,0,0,0,0,0.0,0x,0
167,Cesar Samudio,PAN,GK,0,0,0,0,0,0,0,0.0,0x,0
167,Johan Mojica,COL,DF,0,2,3,0,1,2,1,0.13,0x,0
167,Roderick Miller,PAN,DF,0,0,0,0,0,0,0,0.0,0x,0
167,Marquinhos,BRA,DF,0,0,2,0,2,0,1,0.21,0x,0
167,Haji Wright,USA,FW,0,0,0,0,0,0,0,0.0,0x,0
167,Damian Bobadilla,PAR,MF,0,0,0,0,0,0,0,0.0,0x,0
167,Azarias Londono,PAN,FW,0,0,1,0,0,1,0,0.01,0x,0
167,Andres Gomez,COL,FW,0,0,0,0,0,0,0,0.0,0x,0
167,Hernan Galindez,ECU,GK,0,0,0,0,0,0,0,0.0,0x,0
167,Endrick,BRA,FW,0,0,3,0,2,1,0,0.68,0x,0
167,Jorge Carrascal,COL,MF,0,0,0,0,0,0,0,0.0,0x,0
167,Anthony Valencia,ECU,MF,0,0,0,0,0,0,0,0.0,0x,0
167,Ismael Diaz,PAN,MF,0,2,6,0,4,2,2,0.39,0x,0
167,Braian Ojeda,PAR,MF,0,0,0,0,0,0,0,0.0,0x,0
167,Dominique Simon,HAI,MF,0,1,1,0,0,1,0,0.01,0x,1
167,Leo Pereira,BRA,DF,0,0,0,0,0,0,0,0.0,0x,0
167,Jesus Gallardo,MEX,DF,0,0,4,0,2,2,0,0.12,0x,0
167,Jiovany Ramos,PAN,DF,0,0,2,0,1,1,0,0.15,0x,0
167,Yassin Fortune,HAI,FW,0,0,0,0,0,0,0,0.0,0x,0
167,Marcos Senesi,ARG,DF,0,0,2,0,2,0,1,0.84,0x,0
167,Jefferson Lerma,COL,MF,0,1,5,0,2,3,0,0.24,0x,0
167,Israel Reyes,MEX,DF,0,0,2,0,2,0,1,0.06,0x,0
167,Willian Pacho,ECU,DF,0,1,1,0,1,0,1,0.11,0x,0
167,Armando Gonzalez,MEX,FW,0,0,0,0,0,0,0,0.0,0x,0
167,Diego Gomez,PAR,MF,0,0,6,0,2,4,0,0.25,0x,1
167,Edgardo Farina,PAN,DF,0,0,0,0,0,0,0,0.0,0x,0
167,Tim Ream,USA,DF,0,0,0,0,0,0,0,0.0,0x,0
167,Auston Trusty,USA,DF,0,2,3,33,3,0,1,0.27,3.7x,0
167,Federico Valverde,URU,MF,0,2,10,0,3,7,0,0.5,0x,2
167,Pervis Estupinan,ECU,DF,0,0,0,0,0,0,0,0.0,0x,0
167,Anibal Godoy,PAN,MF,0,0,0,0,0,0,0,0.0,0x,0
167,Luiz Henrique,BRA,FW,0,0,0,0,0,0,0,0.0,0x,0
167,Danilo,BRA,DF,0,0,1,0,1,0,0,0.04,0x,0
167,Alejandro Romero Gamarra,PAR,FW,0,0,0,0,0,0,0,0.0,0x,0
167,Santiago Bueno,URU,DF,0,0,0,0,0,0,0,0.0,0x,0
167,Alvaro Montero,COL,GK,0,0,0,0,0,0,0,0.0,0x,0
167,Cristian Romero,ARG,DF,0,2,3,33,3,0,3,0.41,2.45x,0
167,Darwin Nunez,URU,FW,0,0,2,0,1,1,1,0.2,0x,0
167,Junior Alonso,PAR,DF,0,1,3,0,1,2,0,0.2,0x,0
167,Matt Turner,USA,GK,0,0,0,0,0,0,0,0.0,0x,0
167,Alberto Quintero,PAN,MF,0,0,0,0,0,0,0,0.0,0x,0
167,Luis Mejia,PAN,GK,0,0,0,0,0,0,0,0.0,0x,0
167,Jhon Lucumi,COL,DF,0,0,2,0,2,0,2,0.11,0x,0
167,Sebastian Caceres,URU,DF,0,0,3,0,2,1,2,0.13,0x,0
167,Ederson,BRA,GK,0,0,0,0,0,0,0,0.0,0x,0
167,Alexandro Maidana,PAR,DF,0,0,0,0,0,0,0,0.0,0x,0
167,Davinson Sanchez,COL,DF,0,2,6,0,5,1,4,0.54,0x,0
167,Emiliano Martinez,URU,MF,0,0,0,0,0,0,0,0.0,0x,0
167,Gustavo Gomez,PAR,DF,0,0,2,0,2,0,2,0.07,0x,0
167,Chris Brady,USA,GK,0,0,0,0,0,0,0,0.0,0x,0
167,Yaimar Medina,ECU,DF,0,0,1,0,1,0,1,0.04,0x,0
167,Brian Gutierrez,MEX,MF,0,0,6,0,3,3,0,0.35,0x,3
167,Fabian Balbuena,PAR,DF,0,0,0,0,0,0,0,0.0,0x,0
167,Nilson Angulo,ECU,FW,0,2,2,50,0,2,0,0.04,25.98x,7
167,Rodrigo Zalazar,URU,MF,0,0,0,0,0,0,0,0.0,0x,0
167,Richard Rios,COL,MF,0,1,5,0,2,3,1,0.37,0x,0
167,Jhon Cordoba,COL,FW,0,1,2,0,2,0,1,0.32,0x,0
167,Matt Freese,USA,GK,0,0,0,0,0,0,0,0.0,0x,0
167,Joel Ordonez,ECU,DF,0,0,2,0,2,0,1,0.26,0x,0
167,Adalberto Carrasquilla,PAN,MF,0,0,0,0,0,0,0,0.0,0x,0
167,Gatito Fernandez,PAR,GK,0,0,0,0,0,0,0,0.0,0x,0
167,Folarin Balogun,USA,FW,0,5,14,21,14,0,2,2.02,1.49x,0
167,Willer Ditta,COL,DF,0,0,0,0,0,0,0,0.0,0x,0
167,James Rodriguez,COL,MF,0,3,6,0,2,4,0,0.24,0x,11
167,Johan Vasquez,MEX,DF,0,0,1,0,1,0,1,0.22,0x,0
167,Weverton,BRA,GK,0,0,0,0,0,0,0,0.0,0x,0
167,Jose Fajardo,PAN,FW,0,0,1,0,1,0,1,0.25,0x,0
167,Sergino Dest,USA,DF,0,1,3,0,1,2,0,0.21,0x,0
167,Jeremy Arevalo,ECU,FW,0,0,0,0,0,0,0,0.0,0x,0
167,Max Arfsten,USA,DF,0,0,0,0,0,0,0,0.0,0x,0
167,Deiver Machado,COL,DF,0,0,0,0,0,0,0,0.0,0x,0
167,Orbelin Pineda,MEX,MF,0,0,1,0,1,0,0,0.09,0x,0
167,Gabriel Martinelli,BRA,FW,0,1,2,50,1,1,0,0.49,2.04x,0
167,Geronimo Rulli,ARG,GK,0,0,0,0,0,0,0,0.0,0x,0
167,Kendry Paez,ECU,MF,0,0,0,0,0,0,0,0.0,0x,0
167,Omar Alderete,PAR,DF,0,0,1,0,0,1,0,0.01,0x,0
167,Jose Luis Rodriguez,PAN,MF,0,1,3,0,1,2,0,0.24,0x,3
167,Enzo Fernandez,ARG,MF,0,4,12,17,4,8,2,0.9,2.22x,0
167,Juan Musso,ARG,GK,0,0,0,0,0,0,0,0.0,0x,0
167,Guillermo Martinez,MEX,FW,0,0,0,0,0,0,0,0.0,0x,0
167,Amir Murillo,PAN,DF,0,1,5,0,4,1,0,0.37,0x,0
167,David Ospina,COL,GK,0,0,0,0,0,0,0,0.0,0x,0
167,Yerry Mina,COL,DF,0,0,0,0,0,0,0,0.0,0x,0
167,Jordy Caicedo,ECU,FW,0,0,1,0,1,0,0,0.05,0x,0
167,Irfan Can Kahveci,TUR,FW,0,0,0,0,0,0,0,0.0,0x,0
167,Ajdin Hrustic,AUS,FW,0,0,3,0,2,1,0,0.11,0x,1
167,Gavi,ESP,MF,0,0,1,0,1,0,0,0.01,0x,0
167,Djibril Sow,SUI,MF,0,1,2,0,1,1,0,0.23,0x,0
167,Kaan Ayhan,TUR,MF,0,1,1,100,1,0,0,0.68,1.48x,0
167,Ivan Sunjic,BIH,MF,0,1,1,0,0,1,0,0.09,0x,0
167,Utkir Yusupov,UZB,GK,0,0,0,0,0,0,0,0.0,0x,0
167,Mohamed Toure,AUS,FW,0,1,4,0,4,0,1,0.26,0x,0
167,Stepan Chaloupek,CZE,DF,0,0,0,0,0,0,0,0.0,0x,0
167,Botirali Ergashev,UZB,GK,0,0,0,0,0,0,0,0.0,0x,0
167,Awer Mabil,AUS,FW,0,0,1,0,0,1,0,0.03,0x,0
167,Mert Gunok,TUR,GK,0,0,0,0,0,0,0,0.0,0x,0
167,Viktor Johansson,SWE,GK,0,0,0,0,0,0,0,0.0,0x,0
167,Findlay Curtis,SCO,FW,0,0,0,0,0,0,0,0.0,0x,0
167,Taha Ali,SWE,FW,0,0,0,0,0,0,0,0.0,0x,0
167,Yasin Ayari,SWE,MF,0,3,7,29,1,6,0,0.44,4.59x,9
167,Patrick Beach,AUS,GK,0,0,0,0,0,0,0,0.0,0x,0
167,Denis Visinsky,CZE,FW,0,0,3,0,2,1,0,0.26,0x,0
167,John Souttar,SCO,DF,0,0,0,0,0,0,0,0.0,0x,0
167,Farrukh Sayfiev,UZB,DF,0,0,0,0,0,0,0,0.0,0x,0
167,Jordan Bos,AUS,DF,0,2,5,0,3,2,0,0.42,0x,0
167,Kai Trewin,AUS,DF,0,0,1,0,0,1,0,0.0,0x,0
167,Gabriel Gudmundsson,SWE,DF,0,0,0,0,0,0,0,0.0,0x,1
167,Tomas Soucek,CZE,MF,0,0,1,0,1,0,0,0.12,0x,0
167,Cameron Devlin,AUS,MF,0,0,0,0,0,0,0,0.0,0x,0
167,Yunus Akgun,TUR,FW,0,0,0,0,0,0,0,0.0,0x,0
167,Ben Old,NZL,MF,0,0,0,0,0,0,0,0.0,0x,0
167,Nathan Patterson,SCO,DF,0,0,0,0,0,0,0,0.0,0x,0
167,Jaroslav Zeleny,CZE,DF,0,0,1,0,1,0,1,0.02,0x,0
167,Alex Grimaldo,ESP,DF,0,0,0,0,0,0,0,0.0,0x,0
167,Nishan Velupillay,AUS,FW,0,0,0,0,0,0,0,0.0,0x,0
167,Gustaf Lagerbielke,SWE,DF,0,1,3,0,3,0,3,0.13,0x,0
167,Rustam Ashurmatov,UZB,DF,0,0,0,0,0,0,0,0.0,0x,0
167,Jamshid Iskanderov,UZB,MF,0,0,0,0,0,0,0,0.0,0x,1
167,Elliot Stroud,SWE,DF,0,0,1,0,1,0,0,0.09,0x,3
167,Tyler Fletcher,SCO,MF,0,0,0,0,0,0,0,0.0,0x,0
167,Jacob Widell Zetterstrom,SWE,GK,0,0,0,0,0,0,0,0.0,0x,0
167,Lawrence Shankland,SCO,FW,0,0,4,0,4,0,2,0.35,0x,0
167,Manuel Akanji,SUI,DF,0,1,1,0,1,0,0,0.18,0x,0
167,Hakan Calhanoglu,TUR,MF,0,2,11,0,2,9,0,0.4,0x,8
167,Aiden Oneill,AUS,MF,0,0,2,0,1,1,0,0.07,0x,4
167,Nestory Irankunda,AUS,FW,0,3,6,17,4,2,1,0.81,1.23x,0
167,Igor Sergeev,UZB,FW,0,0,0,0,0,0,0,0.0,0x,0
167,Alex Paulsen,NZL,GK,0,0,0,0,0,0,0,0.0,0x,0
167,Scott Mctominay,SCO,MF,0,3,8,0,8,0,3,0.65,0x,0
167,Pau Cubarsi,ESP,DF,0,2,4,0,1,3,1,0.3,0x,0
167,Cristian Volpato,AUS,FW,0,1,4,0,2,2,0,0.28,0x,7
167,Isak Hien,SWE,DF,0,0,0,0,0,0,0,0.0,0x,0
167,Dostonbek Khamdamov,UZB,MF,0,0,2,0,1,1,1,0.08,0x,2
167,Haris Tabakovic,BIH,FW,0,0,0,0,0,0,0,0.0,0x,0
167,Merih Demiral,TUR,DF,0,2,6,0,3,3,2,0.24,0x,0
167,Dzenis Burnic,BIH,MF,0,0,1,0,0,1,0,0.02,0x,0
167,Tomas Holes,CZE,DF,0,0,0,0,0,0,0,0.0,0x,0
167,Salih Ozcan,TUR,MF,0,0,0,0,0,0,0,0.0,0x,0
167,Caglar Soyuncu,TUR,DF,0,0,0,0,0,0,0,0.0,0x,0
167,Yvon Mvogo,SUI,GK,0,0,0,0,0,0,0,0.0,0x,0
167,Alessandro Circati,AUS,DF,0,0,3,0,2,1,2,0.13,0x,0
167,Odiljon Xamrobekov,UZB,MF,0,0,1,0,1,0,0,0.16,0x,0
167,Scott Mckenna,SCO,DF,0,0,0,0,0,0,0,0.0,0x,0
167,Connor Metcalfe,AUS,MF,0,2,5,20,1,4,0,0.11,9.21x,3
167,Hjalmar Ekdal,SWE,DF,0,0,0,0,0,0,0,0.0,0x,0
167,Otabek Shukurov,UZB,MF,0,0,2,0,0,2,0,0.08,0x,0
167,Jacob Italiano,AUS,DF,0,0,1,0,0,1,0,0.03,0x,0
167,Harry Souttar,AUS,DF,0,1,1,0,1,0,1,0.05,0x,0
167,Amar Dedic,BIH,DF,0,1,2,0,0,2,0,0.06,0x,0
167,Ben Waine,NZL,FW,0,0,0,0,0,0,0,0.0,0x,0
167,Sherzod Nasrullaev,UZB,DF,0,1,1,0,1,0,0,0.08,0x,0
167,Ross Stewart,SCO,FW,0,0,0,0,0,0,0,0.0,0x,0
167,Arda Guler,TUR,FW,0,4,12,8,3,9,0,0.75,1.34x,11
167,Besfort Zeneli,SWE,MF,0,1,1,0,0,1,0,0.01,0x,0
167,Gregor Kobel,SUI,GK,0,0,0,0,0,0,0,0.0,0x,0
167,Nando Pijnaker,NZL,DF,0,0,0,0,0,0,0,0.0,0x,0
167,Lamine Yamal,ESP,FW,0,12,27,4,13,14,0,2.44,0.41x,15
167,Can Uzun,TUR,FW,0,1,4,0,3,1,0,0.39,0x,0
167,Ladislav Krejci,CZE,DF,0,1,5,20,5,0,5,0.54,1.85x,0
167,Eray Coemert,SUI,DF,0,0,0,0,0,0,0,0.0,0x,0
167,Abduvohid Nematov,UZB,GK,0,0,0,0,0,0,0,0.0,0x,0
167,Patrik Schick,CZE,FW,0,1,2,0,2,0,2,0.27,0x,0
167,Callan Elliot,NZL,DF,0,0,0,0,0,0,0,0.0,0x,0
167,Liam Kelly,SCO,GK,0,0,0,0,0,0,0,0.0,0x,0
167,Lachlan Bayliss,NZL,MF,0,0,0,0,0,0,0,0.0,0x,0
167,Jesse Randall,NZL,FW,0,0,1,0,0,1,0,0.01,0x,3
167,Joan Garcia,ESP,GK,0,0,0,0,0,0,0,0.0,0x,0
167,Oguz Aydin,TUR,FW,0,0,0,0,0,0,0,0.0,0x,0
167,Nico Elvedi,SUI,DF,0,0,3,0,3,0,2,0.3,0x,0
167,Abdulkerim Bardakci,TUR,DF,0,0,3,0,1,2,0,0.07,0x,0
167,Jan Kuchta,CZE,FW,0,0,0,0,0,0,0,0.0,0x,0
167,Lyndon Dykes,SCO,FW,0,0,1,0,1,0,1,0.15,0x,0
167,Silvan Widmer,SUI,DF,0,0,0,0,0,0,0,0.0,0x,0
167,Abdulla Abdullaev,UZB,DF,0,0,0,0,0,0,0,0.0,0x,0
167,Kenny Mclean,SCO,MF,0,0,1,0,0,1,0,0.01,0x,0
167,Kerem Akturkoglu,TUR,FW,0,1,3,0,2,1,0,0.59,0x,0
167,Avazbek Ulmasaliyev,UZB,DF,0,0,0,0,0,0,0,0.0,0x,0
167,Altay Bayindir,TUR,GK,0,0,0,0,0,0,0,0.0,0x,0
167,Liberato Cacace,NZL,DF,0,1,1,0,1,0,0,0.02,0x,2
167,Marc Pubill,ESP,DF,0,0,0,0,0,0,0,0.0,0x,0
167,Samet Akaydin,TUR,DF,0,0,0,0,0,0,0,0.0,0x,0
167,Benjamin Nygren,SWE,MF,0,0,1,0,0,1,0,0.03,0x,3
167,Deniz Gul,TUR,FW,0,1,2,0,2,0,1,0.7,0x,0
167,Mikel Merino,ESP,MF,0,3,5,40,5,0,1,1.57,1.27x,0
167,Cedric Itten,SUI,FW,0,0,0,0,0,0,0,0.0,0x,0
167,Marvin Keller,SUI,GK,0,0,0,0,0,0,0,0.0,0x,0
167,Adam Hlozek,CZE,FW,0,1,3,0,2,1,0,0.31,0x,0
167,Behruzjon Karimov,UZB,DF,0,0,2,0,0,2,0,0.03,0x,0
167,Mathew Leckie,AUS,FW,0,0,1,0,1,0,0,0.1,0x,0
167,Granit Xhaka,SUI,MF,0,2,9,11,1,8,0,1.16,0.86x,0
167,Elijah Just,NZL,MF,0,5,7,43,5,2,0,0.86,3.48x,0
167,David Doudera,CZE,DF,0,0,4,0,1,3,0,0.05,0x,0
167,Tyler Bindon,NZL,DF,0,1,2,0,2,0,1,0.33,0x,0
167,Aurele Amenda,SUI,DF,0,0,0,0,0,0,0,0.0,0x,0
167,Michael Woud,NZL,GK,0,0,0,0,0,0,0,0.0,0x,0
167,Victor Munoz,ESP,FW,0,0,0,0,0,0,0,0.0,0x,0
167,Abbosbek Fayzullaev,UZB,MF,0,2,3,33,2,1,1,1.0,1x,5
167,Dominic Hyam,SCO,DF,0,0,0,0,0,0,0,0.0,0x,0
167,Sarpreet Singh,NZL,MF,0,2,4,0,2,2,0,0.22,0x,0
167,Alexander Bernhardsson,SWE,DF,0,1,1,0,0,1,0,0.05,0x,0
167,Nihad Mujakic,BIH,DF,0,0,0,0,0,0,0,0.0,0x,0
167,Oston Urunov,UZB,MF,0,0,0,0,0,0,0,0.0,0x,0
167,Christian Fassnacht,SUI,FW,0,0,0,0,0,0,0,0.0,0x,0
167,Dan Ndoye,SUI,FW,0,8,16,13,15,1,1,0.86,2.31x,0
167,Ismail Yuksek,TUR,MF,0,0,5,0,3,2,1,0.32,0x,0
167,Fabian Ruiz,ESP,MF,0,2,8,13,4,4,1,1.33,0.75x,0
167,Tomas Chory,CZE,FW,0,0,0,0,0,0,0,0.0,0x,0
167,Zeki Celik,TUR,DF,0,1,1,0,1,0,0,0.1,0x,1
167,Ugurcan Cakir,TUR,GK,0,0,0,0,0,0,0,0.0,0x,0
167,Logan Rogerson,NZL,FW,0,0,0,0,0,0,0,0.0,0x,0
167,Kristoffer Nordfeldt,SWE,GK,0,0,0,0,0,0,0,0.0,0x,0
167,Paul Izzo,AUS,GK,0,0,0,0,0,0,0,0.0,0x,0
167,David Jurasek,CZE,DF,0,0,0,0,0,0,0,0.0,0x,0
167,Unai Simon,ESP,GK,0,0,0,0,0,0,0,0.0,0x,0
167,David Raya,ESP,GK,0,0,0,0,0,0,0,0.0,0x,0
167,Callum Mccowatt,NZL,MF,0,3,4,0,3,1,1,0.21,0x,0
167,Victor Lindelof,SWE,DF,0,0,2,0,2,0,2,0.26,0x,0
167,Lewis Ferguson,SCO,MF,0,1,2,0,0,2,0,0.09,0x,8
167,Milos Degenek,AUS,DF,0,0,0,0,0,0,0,0.0,0x,0
167,Pedro Porro,ESP,DF,0,3,7,29,4,3,1,1.1,1.82x,0
167,Ardon Jashari,SUI,MF,0,0,2,0,0,2,0,0.03,0x,0
167,Abdukodir Khusanov,UZB,DF,0,0,0,0,0,0,0,0.0,0x,0
167,Nikola Vasilj,BIH,GK,0,0,0,0,0,0,0,0.0,0x,0
167,Esmir Bajraktarevic,BIH,FW,0,2,3,0,1,2,0,0.11,0x,1
167,Mojmir Chytil,CZE,FW,0,0,0,0,0,0,0,0.0,0x,0
167,Jack Hendry,SCO,DF,0,0,0,0,0,0,0,0.0,0x,0
167,Azizjon Ganiev,UZB,MF,0,0,1,0,0,1,0,0.01,0x,1
167,Eric Smith,SWE,DF,0,0,0,0,0,0,0,0.0,0x,0
167,Joe Bell,NZL,MF,0,0,1,0,0,1,0,0.01,0x,0
167,Jason Geria,AUS,DF,0,0,0,0,0,0,0,0.0,0x,0
167,Alex Rufer,NZL,MF,0,0,0,0,0,0,0,0.0,0x,0
167,Ken Sema,SWE,MF,0,0,1,0,1,0,0,0.06,0x,0
167,Finn Surman,NZL,DF,0,1,2,50,2,0,2,0.24,4.18x,0
167,Denis Zakaria,SUI,MF,0,2,5,0,5,0,1,0.61,0x,0
167,Lukas Provod,CZE,MF,0,0,1,0,0,1,0,0.05,0x,0
167,David Zima,CZE,DF,0,0,0,0,0,0,0,0.0,0x,0
167,Fabian Rieder,SUI,MF,0,2,7,0,4,3,0,1.09,0x,8
167,Miro Muheim,SUI,DF,0,0,0,0,0,0,0,0.0,0x,0
167,Ben Gannon Doak,SCO,FW,0,0,4,0,2,2,0,0.14,0x,0
167,Herman Johansson,SWE,DF,0,0,0,0,0,0,0,0.0,0x,0
167,Max Crocombe,NZL,GK,0,0,0,0,0,0,0,0.0,0x,0
167,Mathew Ryan,AUS,GK,0,0,0,0,0,0,0,0.0,0x,0
167,Yeremy Pino,ESP,FW,0,0,0,0,0,0,0,0.0,0x,0
167,Borja Iglesias,ESP,FW,0,0,0,0,0,0,0,0.0,0x,0
167,Daniel Svensson,SWE,DF,0,0,1,0,0,1,0,0.01,0x,1
167,Ryan Thomas,NZL,MF,0,0,0,0,0,0,0,0.0,0x,0
167,Matej Kovar,CZE,GK,0,0,0,0,0,0,0,0.0,0x,0
167,Jakhongir Urozov,UZB,DF,0,0,0,0,0,0,0,0.0,0x,0
167,Aziz Behich,AUS,DF,0,1,1,0,1,0,0,0.02,0x,0
167,Robin Hranac,CZE,DF,0,0,0,0,0,0,0,0.0,0x,0
167,Azizbek Amonov,UZB,FW,0,0,1,0,0,1,0,0.01,0x,0
167,Michal Sadilek,CZE,MF,0,3,7,14,5,2,1,0.7,1.42x,5
167,Zeki Amdouni,SUI,FW,0,0,1,0,0,1,0,0.0,0x,0
167,Mattias Svanberg,SWE,MF,0,2,3,33,2,1,0,0.23,4.26x,0
167,Aaron Hickey,SCO,DF,0,0,0,0,0,0,0,0.0,0x,0
167,Noah Okafor,SUI,FW,0,0,1,0,1,0,0,0.18,0x,0
167,Pedri,ESP,MF,0,2,5,0,1,4,0,0.47,0x,8
167,Ryan Christie,SCO,MF,0,0,2,0,1,1,0,0.15,0x,0
167,Ermedin Demirovic,BIH,FW,0,4,4,0,1,3,0,0.08,0x,0
167,Mert Muldur,TUR,DF,0,0,3,0,3,0,3,0.22,0x,0
167,Lukas Cerv,CZE,MF,0,2,3,0,1,2,0,0.06,0x,0
167,Sherzod Esanov,UZB,MF,0,0,0,0,0,0,0,0.0,0x,0
167,Edin Dzeko,BIH,FW,0,0,3,0,3,0,0,0.2,0x,0
167,Michel Aebischer,SUI,MF,0,1,2,0,2,0,1,0.34,0x,5
167,Luca Jaquez,SUI,DF,0,0,0,0,0,0,0,0.0,0x,0
167,Martin Zubimendi,ESP,MF,0,0,0,0,0,0,0,0.0,0x,0
167,Umar Eshmurodov,UZB,DF,0,0,0,0,0,0,0,0.0,0x,0
167,Gustaf Nilsson,SWE,FW,0,0,1,0,1,0,1,0.01,0x,0
167,Kenan Yildiz,TUR,FW,0,1,14,0,11,3,0,0.38,0x,0
167,Pavel Sulc,CZE,FW,0,0,2,0,0,2,0,0.03,0x,0
167,Kosta Barbarouses,NZL,FW,0,0,0,0,0,0,0,0.0,0x,0
167,Carl Starfelt,SWE,DF,0,0,0,0,0,0,0,0.0,0x,0
167,Francis De Vries,NZL,DF,0,0,0,0,0,0,0,0.0,0x,2
167,Jackson Irvine,AUS,MF,0,1,3,0,3,0,1,0.21,0x,0
167,Jindrich Stanek,CZE,GK,0,0,0,0,0,0,0,0.0,0x,0
167,Rodri,ESP,MF,0,0,7,0,2,5,1,0.27,0x,0
167,Che Adams,SCO,FW,0,1,1,0,1,0,0,0.15,0x,0
167,George Hirst,SCO,FW,0,0,0,0,0,0,0,0.0,0x,0
167,Cameron Burgess,AUS,DF,0,0,0,0,0,0,0,0.0,0x,0
167,Michael Boxall,NZL,DF,0,0,0,0,0,0,0,0.0,0x,0
167,Jesper Karlstrom,SWE,MF,0,0,1,0,1,0,0,0.05,0x,0
167,Hugo Sochurek,CZE,MF,0,0,0,0,0,0,0,0.0,0x,0
167,Eldor Shomurodov,UZB,FW,0,2,4,25,4,0,0,0.17,5.79x,0
167,Khojiakbar Alijonov,UZB,DF,0,0,0,0,0,0,0,0.0,0x,0
167,Eren Elmali,TUR,DF,0,0,0,0,0,0,0,0.0,0x,0
167,Tete Yengi,AUS,FW,0,1,1,0,1,0,0,0.1,0x,0
167,Ozan Kabak,TUR,DF,0,0,0,0,0,0,0,0.0,0x,0
167,Lucas Herrington,AUS,DF,0,0,0,0,0,0,0,0.0,0x,0
167,Anthony Elanga,SWE,FW,0,3,3,67,2,1,0,0.53,3.77x,1
167,Ferdi Kadioglu,TUR,DF,0,0,1,0,0,1,0,0.04,0x,0
167,Eric Garcia,ESP,DF,0,0,0,0,0,0,0,0.0,0x,0
167,Lukas Hornicek,CZE,GK,0,0,0,0,0,0,0,0.0,0x,0
167,Vladimir Darida,CZE,MF,0,0,1,0,1,0,0,0.01,0x,0
167,Remo Freuler,SUI,MF,0,1,2,0,1,1,0,0.07,0x,0
167,Marko Stamenic,NZL,MF,0,0,3,0,1,2,0,0.09,0x,0
167,Amir Hadziahmetovic,BIH,MF,0,0,0,0,0,0,0,0.0,0x,1
167,Mohamed Hadj Mahmoud,TUN,MF,0,0,0,0,0,0,0,0.0,0x,0
167,Lyle Foster,RSA,FW,0,0,1,0,1,0,1,0.07,0x,0
167,Raed Chikhaoui,TUN,DF,0,0,0,0,0,0,0,0.0,0x,0
167,Dayne St Clair,CAN,GK,0,0,0,0,0,0,0,0.0,0x,0
167,Ange Yoan Bonny,CIV,FW,0,1,1,0,0,1,0,0.05,0x,0
167,Wilguens Paugain,HAI,DF,0,0,0,0,0,0,0,0.0,0x,0
167,Munir El Kajoui,MAR,GK,0,0,0,0,0,0,0,0.0,0x,0
167,Montassar Talbi,TUN,DF,0,0,1,0,1,0,1,0.08,0x,0
167,Sipho Chaine,RSA,GK,0,0,0,0,0,0,0,0.0,0x,0
167,Christopher Operi,CIV,DF,0,0,0,0,0,0,0,0.0,0x,0
167,Jayden Adams,RSA,MF,0,0,0,0,0,0,0,0.0,0x,0
167,Mortadha Ben Ouanes,TUN,DF,0,0,0,0,0,0,0,0.0,0x,0
167,Krepin Diatta,SEN,DF,0,0,1,0,0,1,0,0.04,0x,2
167,Lenny Joseph,HAI,FW,0,0,2,0,2,0,0,0.33,0x,0
167,Wagner Pina,CPV,DF,0,0,1,0,1,0,0,0.18,0x,0
167,Liam Millar,CAN,MF,0,0,1,0,1,0,1,0.04,0x,0
167,Prince Adu,GHA,FW,0,0,1,0,1,0,0,0.25,0x,0
167,Khulumani Ndamane,RSA,DF,0,0,0,0,0,0,0,0.0,0x,0
167,Rayan Elloumi,TUN,FW,0,0,0,0,0,0,0,0.0,0x,0
167,Alfie Jones,CAN,DF,0,0,0,0,0,0,0,0.0,0x,0
167,Bara Sapoko Ndiaye,SEN,MF,0,1,1,0,0,1,0,0.04,0x,0
167,Ime Okon,RSA,DF,0,0,1,0,1,0,1,0.01,0x,0
167,Hossam Abdelmaguid,EGY,DF,0,0,0,0,0,0,0,0.0,0x,0
167,Carlens Arcus,HAI,DF,0,0,0,0,0,0,0,0.0,0x,0
167,Ruben Providence,HAI,FW,0,1,4,0,4,0,0,0.19,0x,1
167,Simon Adingra,CIV,FW,0,0,0,0,0,0,0,0.0,0x,1
167,Yahia Fofana,CIV,GK,0,0,0,0,0,0,0,0.0,0x,0
167,Oswin Appollis,RSA,FW,0,1,4,0,0,4,0,0.15,0x,7
167,Abdul Mumin,GHA,DF,0,0,0,0,0,0,0,0.0,0x,0
167,Kamogelo Sebelebele,RSA,FW,0,0,0,0,0,0,0,0.0,0x,0
167,Aymen Dahmen,TUN,GK,0,0,0,0,0,0,0,0.0,0x,0
167,Laros Duarte,CPV,MF,0,3,3,0,2,1,0,0.7,0x,1
167,Ismail Jakobs,SEN,DF,0,0,1,0,1,0,0,0.11,0x,9
167,Joel Waterman,CAN,DF,0,0,0,0,0,0,0,0.0,0x,0
167,Amad Diallo,CIV,FW,0,4,8,25,6,2,0,1.44,1.39x,4
167,Cyle Larin,CAN,FW,0,4,9,22,9,0,3,1.27,1.58x,0
167,Gessime Yassine,MAR,MF,0,1,2,50,1,1,0,0.45,2.21x,1
167,Derrick Etienne,HAI,FW,0,0,0,0,0,0,0,0.0,0x,1
167,Jonas Adjetey,GHA,DF,0,1,2,0,2,0,2,0.1,0x,0
167,Emam Ashour,EGY,MF,0,2,10,20,5,5,1,1.06,1.89x,4
167,Mahmoud Saber,EGY,MF,0,1,3,33,1,2,0,0.16,6.15x,0
167,Yan Valery,TUN,DF,0,0,0,0,0,0,0,0.0,0x,0
167,Ayoube Amaimouni,MAR,FW,0,1,2,0,2,0,0,0.29,0x,0
167,Hamdy Fathy,EGY,MF,0,0,0,0,0,0,0,0.0,0x,0
167,Pathe Ciss,SEN,MF,0,1,2,0,1,1,1,0.2,0x,0
167,Samukele Kabini,RSA,DF,0,0,0,0,0,0,0,0.0,0x,0
167,Keeto Thermoncy,HAI,DF,0,0,0,0,0,0,0,0.0,0x,0
167,Martin Experience,HAI,DF,0,0,1,0,0,1,0,0.01,0x,0
167,Danley Jean Jacques,HAI,MF,0,0,0,0,0,0,0,0.0,0x,0
167,Bamba Dieng,SEN,FW,0,0,0,0,0,0,0,0.0,0x,0
167,Josue Duverger,HAI,GK,0,0,0,0,0,0,0,0.0,0x,0
167,Louicius Deedson,HAI,FW,0,0,2,0,1,1,0,0.05,0x,1
167,Ghislain Konan,CIV,DF,0,0,4,0,3,1,0,0.28,0x,0
167,Elye Wahi,CIV,FW,0,2,3,0,3,0,0,0.48,0x,0
167,Dylan Bronn,TUN,DF,0,0,0,0,0,0,0,0.0,0x,0
167,Anis Slimane,TUN,MF,0,1,1,0,1,0,1,0.11,0x,2
167,Mouhib Chamakh,TUN,GK,0,0,0,0,0,0,0,0.0,0x,0
167,Nkosinathi Sibisi,RSA,DF,0,0,0,0,0,0,0,0.0,0x,0
167,Yasser Ibrahim,EGY,DF,0,1,1,100,1,0,1,0.12,8.42x,0
167,Jean Ricner Bellegarde,HAI,MF,0,0,6,0,1,5,1,0.29,0x,5
167,Habib Diarra,SEN,MF,0,1,3,67,2,1,0,0.54,3.68x,0
167,Guela Doue,CIV,DF,0,0,1,0,1,0,0,0.01,0x,0
167,Edouard Mendy,SEN,GK,0,0,0,0,0,0,0,0.0,0x,0
167,Mahdy Soliman,EGY,GK,0,0,0,0,0,0,0,0.0,0x,0
167,Nabil Donga,EGY,MF,0,0,0,0,0,0,0,0.0,0x,0
167,Christ Inao Oulai,CIV,MF,0,0,2,0,1,1,0,0.13,0x,0
167,Kwasi Sibo,GHA,MF,0,0,0,0,0,0,0,0.0,0x,0
167,Jayden Nelson,CAN,FW,0,0,1,0,0,1,0,0.07,0x,0
167,Ricardo Ade,HAI,DF,0,1,4,0,2,2,2,0.17,0x,0
167,Mohanad Lashin,EGY,MF,0,0,2,0,1,1,1,0.12,0x,0
167,Sebastian Tounekti,TUN,MF,0,0,0,0,0,0,0,0.0,0x,0
167,Elias Achouri,TUN,FW,0,1,3,0,0,3,0,0.13,0x,0
167,Carl Sainte,HAI,MF,0,0,0,0,0,0,0,0.0,0x,0
167,Ayyoub Bouaddi,MAR,MF,0,0,3,0,0,3,0,0.14,0x,0
167,Evidence Makgopa,RSA,FW,0,3,4,0,4,0,2,0.42,0x,0
167,Ismael Gharbi,TUN,MF,0,0,3,0,2,1,0,0.26,0x,1
167,Ahmed Fatouh,EGY,DF,0,1,1,0,1,0,0,0.13,0x,0
167,Antoine Mendy,SEN,DF,0,0,0,0,0,0,0,0.0,0x,0
167,Benjamin Asare,GHA,GK,0,0,0,0,0,0,0,0.0,0x,0
167,Mostafa Shoubir,EGY,GK,0,0,0,0,0,0,0,0.0,0x,0
167,Lawrence Ati Zigi,GHA,GK,0,0,0,0,0,0,0,0.0,0x,0
167,Sabri Ben Hessen,TUN,GK,0,0,0,0,0,0,0,0.0,0x,0
167,Redouane Halhal,MAR,DF,0,0,0,0,0,0,0,0.0,0x,0
167,Mohamed Abdelmoneim,EGY,DF,0,0,0,0,0,0,0,0.0,0x,0
167,Olwethu Makhanya,RSA,DF,0,0,0,0,0,0,0,0.0,0x,0
167,Inaki Williams,GHA,FW,0,0,3,0,1,2,0,0.06,0x,0
167,Themba Zwane,RSA,MF,0,0,0,0,0,0,0,0.0,0x,0
167,Jerome Opoku,GHA,DF,0,0,0,0,0,0,0,0.0,0x,0
167,Ayoub El Kaabi,MAR,FW,0,2,3,0,3,0,0,0.31,0x,0
167,Jonathan Osorio,CAN,MF,0,0,1,0,1,0,0,0.04,0x,0
167,Kojo Peprah Oppong,GHA,DF,0,0,0,0,0,0,0,0.0,0x,0
167,Jovane Cabral,CPV,MF,0,0,2,0,0,2,0,0.05,0x,0
167,Kevin Pina,CPV,MF,0,1,5,20,0,5,0,0.09,11.33x,0
167,Alexandre Pierre,HAI,GK,0,0,0,0,0,0,0,0.0,0x,0
167,Baba Rahman,GHA,DF,0,0,0,0,0,0,0,0.0,0x,0
167,Odilon Kossounou,CIV,DF,0,0,0,0,0,0,0,0.0,0x,0
167,Abdul Fatawu,GHA,FW,0,0,3,0,1,2,0,0.1,0x,2
167,Assane Diao,SEN,FW,0,0,0,0,0,0,0,0.0,0x,0
167,Jacob Shaffelburg,CAN,MF,0,0,3,0,2,1,0,0.09,0x,0
167,Tarek Alaa,EGY,DF,0,0,0,0,0,0,0,0.0,0x,0
167,Issa Diop,MAR,DF,0,1,1,100,1,0,1,0.12,8.02x,0
167,Alistair Johnston,CAN,DF,0,2,5,0,4,1,2,0.18,0x,2
167,Aubrey Modiba,RSA,DF,0,1,5,0,1,4,0,0.12,0x,2
167,Elias Saad,TUN,FW,0,0,1,0,0,1,0,0.06,0x,1
167,Ronwen Williams,RSA,GK,0,0,0,0,0,0,0,0.0,0x,0
167,Seko Fofana,CIV,MF,0,1,5,0,0,5,0,0.4,0x,0
167,Kalidou Koulibaly,SEN,DF,0,0,0,0,0,0,0,0.0,0x,0
167,Bradley Cross,RSA,DF,0,0,0,0,0,0,0,0.0,0x,0
167,Richie Laryea,CAN,DF,0,1,2,0,1,1,0,0.34,0x,0
167,Rani Khedira,TUN,MF,0,0,1,0,0,1,0,0.06,0x,0
167,Ali Abdi,TUN,DF,0,0,1,0,0,1,0,0.05,0x,1
167,Yassine Bounou,MAR,GK,0,0,0,0,0,0,0,0.0,0x,0
167,Kelvin Pires,CPV,DF,0,0,0,0,0,0,0,0.0,0x,0
167,El Hadji Malick Diouf,SEN,DF,0,0,0,0,0,0,0,0.0,0x,5
167,Omar Marmoush,EGY,FW,0,1,11,0,8,3,0,0.91,0x,3
167,Tajon Buchanan,CAN,FW,0,3,6,0,3,3,0,0.68,0x,1
167,Ibrahim Adel,EGY,FW,0,0,0,0,0,0,0,0.0,0x,0
167,Ismael Saibari,MAR,MF,0,3,10,30,7,3,1,1.01,2.97x,0
167,Ibrahim Mbaye,SEN,FW,0,1,4,25,4,0,0,0.29,3.43x,0
167,Azzedine Ounahi,MAR,MF,0,3,5,40,1,4,0,0.33,6.13x,2
167,Derrick Luckassen,GHA,DF,0,1,1,100,1,0,0,0.62,1.62x,0
167,Alphonso Davies,CAN,DF,0,0,0,0,0,0,0,0.0,0x,0
167,Caleb Yirenkyi,GHA,MF,0,1,2,50,2,0,0,0.75,1.33x,0
167,Mathieu Choiniere,CAN,MF,0,0,0,0,0,0,0,0.0,0x,1
167,Christopher Bonsu Baah,GHA,FW,0,0,0,0,0,0,0,0.0,0x,0
167,Sphephelo Sithole,RSA,MF,0,0,0,0,0,0,0,0.0,0x,0
167,Thapelo Maseko,RSA,FW,0,1,8,13,4,4,0,0.47,2.13x,1
167,Thabang Matuludi,RSA,DF,0,0,0,0,0,0,0,0.0,0x,0
167,Mohamed Elshenawy,EGY,GK,0,0,0,0,0,0,0,0.0,0x,0
167,Jonathan David,CAN,FW,0,9,18,17,13,5,0,2.71,1.11x,0
167,Oumar Diakite,CIV,FW,0,0,0,0,0,0,0,0.0,0x,0
167,Hazem Mastouri,TUN,FW,0,2,3,33,1,2,1,0.21,4.8x,0
167,Neil El Aynaoui,MAR,MF,0,2,7,0,5,2,4,0.6,0x,1
167,Hamza Abdelkarim,EGY,FW,0,0,0,0,0,0,0,0.0,0x,0
167,Hannes Delcroix,HAI,DF,0,0,0,0,0,0,0,0.0,0x,0
167,Youssef Belammari,MAR,DF,0,0,0,0,0,0,0,0.0,0x,0
167,Jordan Ayew,GHA,FW,0,0,0,0,0,0,0,0.0,0x,6
167,Tani Oluwaseyi,CAN,FW,0,4,8,0,8,0,2,0.99,0x,0
167,Ahmed Reda Tagnaouti,MAR,GK,0,0,0,0,0,0,0,0.0,0x,0
167,Woodensky Pierre,HAI,MF,0,0,0,0,0,0,0,0.0,0x,0
167,Teboho Mokoena,RSA,MF,0,2,4,25,1,3,0,0.84,1.19x,0
167,Anass Salah Eddine,MAR,DF,0,0,1,0,0,1,0,0.01,0x,0
167,Evan Ndicka,CIV,DF,0,0,0,0,0,0,0,0.0,0x,0
167,Bazoumana Toure,CIV,FW,0,0,0,0,0,0,0,0.0,0x,1
167,Ismael Kone,CAN,MF,0,0,2,0,1,1,0,0.04,0x,0
167,Luc De Fougerolles,CAN,DF,0,1,3,0,3,0,1,0.17,0x,0
167,Gideon Mensah,GHA,DF,0,0,0,0,0,0,0,0.0,0x,0
167,Yehvann Diouf,SEN,GK,0,0,0,0,0,0,0,0.0,0x,0
167,Idrissa Gana Gueye,SEN,MF,0,1,5,0,0,5,0,0.12,0x,0
167,Sofyan Amrabat,MAR,MF,0,0,0,0,0,0,0,0.0,0x,0
167,Jean Michael Seri,CIV,MF,0,0,0,0,0,0,0,0.0,0x,2
167,Iqraam Rayners,RSA,FW,0,0,1,0,1,0,1,0.11,0x,0
167,Derek Cornelius,CAN,DF,0,1,5,0,5,0,4,0.74,0x,0
167,Elisha Owusu,GHA,MF,0,0,0,0,0,0,0,0.0,0x,0
167,Khalil Ayari,TUN,MF,0,0,0,0,0,0,0,0.0,0x,0
167,Adam Arous,TUN,DF,0,0,0,0,0,0,0,0.0,0x,0
167,Mory Diaw,SEN,GK,0,0,0,0,0,0,0,0.0,0x,0
167,Ousmane Diomande,CIV,DF,0,0,0,0,0,0,0,0.0,0x,0
167,Marvin Senaya,GHA,DF,0,0,2,0,1,1,0,0.1,0x,0
167,Gilson Benchimol,CPV,FW,0,0,0,0,0,0,0,0.0,0x,0
167,Firas Chaouat,TUN,FW,0,0,0,0,0,0,0,0.0,0x,0
167,Omar Rekik,TUN,DF,0,1,1,100,1,0,1,0.11,8.73x,0
167,Samir El Mourabet,MAR,MF,0,0,0,0,0,0,0,0.0,0x,1
167,Parfait Guiagon,CIV,MF,0,0,0,0,0,0,0,0.0,0x,0
167,Mbekezeli Mbokazi,RSA,DF,0,1,4,0,0,4,0,0.06,0x,0
167,Antoine Semenyo,GHA,MF,0,0,6,0,3,3,1,0.26,0x,0
167,Franck Kessie,CIV,MF,0,2,4,25,4,0,0,0.71,1.4x,1
167,Markhus Lacroix,HAI,DF,0,0,0,0,0,0,0,0.0,0x,0
167,Zizo,EGY,FW,0,1,3,0,2,1,0,0.14,0x,4
167,Joseph Anang,GHA,GK,0,0,0,0,0,0,0,0.0,0x,0
167,Owen Goodman,CAN,GK,0,0,0,0,0,0,0,0.0,0x,0
167,Ali Ahmed,CAN,FW,0,1,3,0,1,2,0,0.29,0x,2
167,Maxime Crepeau,CAN,GK,0,0,0,0,0,0,0,0.0,0x,0
167,Thalente Mbatha,RSA,MF,0,1,4,0,0,4,0,0.11,0x,0
167,Garven Metusala,HAI,DF,0,0,0,0,0,0,0,0.0,0x,0
167,Mohamed Alaa,EGY,GK,0,0,0,0,0,0,0,0.0,0x,0
167,Frantzdy Pierrot,HAI,FW,0,1,3,0,3,0,1,0.25,0x,0
167,Niko Sigur,CAN,DF,0,0,1,0,0,1,0,0.04,0x,0
167,Thomas Partey,GHA,MF,0,0,2,0,0,2,0,0.09,0x,0
167,Alban Lafont,CIV,GK,0,0,0,0,0,0,0,0.0,0x,0
167,Alidu Seidu,GHA,DF,0,0,0,0,0,0,0,0.0,0x,0
167,Pape Matar Sarr,SEN,MF,0,0,4,0,0,4,0,0.23,0x,0
167,Moise Bombito,CAN,DF,0,1,1,0,1,0,1,0.2,0x,0
167,Evann Guessand,CIV,FW,0,0,1,0,1,0,1,0.14,0x,0
167,Johny Placide,HAI,GK,0,0,0,0,0,0,0,0.0,0x,0
167,Bilal El Khannouss,MAR,MF,0,4,6,0,2,4,1,0.28,0x,2
167,Ellyes Skhiri,TUN,MF,0,0,0,0,0,0,0,0.0,0x,0
167,Noussair Mazraoui,MAR,DF,0,0,0,0,0,0,0,0.0,0x,0
167,Duckens Nazon,HAI,FW,0,1,1,0,0,1,0,0.12,0x,0
167,Joao Paulo,CPV,MF,0,0,2,0,1,1,1,0.08,0x,1
167,Augustine Boakye,GHA,MF,0,0,0,0,0,0,0,0.0,0x,0
167,Moutaz Neffati,TUN,DF,0,0,0,0,0,0,0,0.0,0x,0
167,Khuliso Mudau,RSA,DF,0,0,0,0,0,0,0,0.0,0x,0
167,Mohamed Kone,CIV,GK,0,0,0,0,0,0,0,0.0,0x,0
167,Stephen Eustaquio,CAN,MF,0,1,4,25,0,4,0,0.1,10.34x,44
167,Ramy Rabia,EGY,DF,0,1,1,0,1,0,1,0.1,0x,0
167,Ricardo Goss,RSA,GK,0,0,0,0,0,0,0,0.0,0x,0
167,Wilson Isidor,HAI,FW,0,2,5,20,2,3,1,0.15,6.67x,0
167,Zakaria El Ouahdi,MAR,DF,0,0,0,0,0,0,0,0.0,0x,0
167,Relebohile Mofokeng,RSA,FW,0,1,3,0,0,3,0,0.12,0x,1
167,Cherif Ndiaye,SEN,FW,0,0,0,0,0,0,0,0.0,0x,0
167,Dailon Livramento,CPV,FW,0,0,1,0,0,1,0,0.0,0x,0
167,Telmo Arcanjo,CPV,MF,0,0,0,0,0,0,0,0.0,0x,1
167,Emmanuel Agbadou,CIV,DF,0,1,3,0,1,2,1,0.05,0x,0
167,Kamaldeen Sulemana,GHA,FW,0,0,1,0,0,1,0,0.01,0x,0
167,Mohamed Amine Ben Hmida,TUN,DF,0,0,0,0,0,0,0,0.0,0x,0
167,Mamadou Sarr,SEN,DF,0,0,0,0,0,0,0,0.0,0x,0
167,Aaron Tshibola,COD,MF,0,0,0,0,0,0,0,0.0,0x,0
167,Saleem Obaid,JOR,DF,0,0,0,0,0,0,0,0.0,0x,0
167,Aymen Hussein,IRQ,FW,0,1,3,33,3,0,3,0.18,5.42x,0
167,Junya Ito,JPN,MF,0,1,3,33,2,1,0,0.67,1.49x,11
167,Garry Rodrigues,CPV,MF,0,0,1,0,1,0,0,0.04,0x,0
167,Lucas Mendes,QAT,DF,0,0,0,0,0,0,0,0.0,0x,0
167,Ibrahim Bayesh,IRQ,MF,0,0,1,0,1,0,0,0.45,0x,0
167,Ahmed Alganehi,QAT,MF,0,0,1,0,0,1,0,0.05,0x,2
167,Saman Ghoddos,IRN,MF,0,0,4,0,2,2,0,0.16,0x,0
167,Mohannad Abutaha,JOR,MF,0,0,1,0,0,1,0,0.04,0x,2
167,Ali Alipour,IRN,FW,0,0,1,0,1,0,0,0.04,0x,0
167,Nathanael Mbuku,COD,MF,0,2,3,0,0,3,0,0.13,0x,5
167,Kim Minjae,KOR,DF,0,1,1,0,1,0,1,0.1,0x,0
167,Karim Boudiaf,QAT,MF,0,0,1,0,0,1,0,0.02,0x,0
167,Kim Jingyu,KOR,MF,0,0,1,0,0,1,0,0.01,0x,0
167,Mehdi Torabi,IRN,MF,0,0,0,0,0,0,0,0.0,0x,0
167,Ali Lajami,KSA,DF,0,0,0,0,0,0,0,0.0,0x,0
167,Achref Abada,ALG,DF,0,0,0,0,0,0,0,0.0,0x,0
167,Alireza Beiranvand,IRN,GK,0,0,0,0,0,0,0,0.0,0x,0
167,Abdullah Alhamddan,KSA,FW,0,2,2,0,1,1,0,0.2,0x,0
167,Zaid Ismael,IRQ,MF,0,0,0,0,0,0,0,0.0,0x,0
167,Mohammed Muntari,QAT,FW,0,0,0,0,0,0,0,0.0,0x,0
167,Mohammed Alowais,KSA,GK,0,0,0,0,0,0,0,0.0,0x,0
167,Edo Kayembe,COD,MF,0,1,2,0,0,2,0,0.1,0x,0
167,Nabil Bentaleb,ALG,MF,0,0,1,0,0,1,0,0.02,0x,0
167,Kim Taehyeon,KOR,DF,0,0,0,0,0,0,0,0.0,0x,0
167,Nuno Da Costa,CPV,MF,0,0,1,0,1,0,0,0.07,0x,0
167,Amirmohammad Razaghinia,IRN,MF,0,0,0,0,0,0,0,0.0,0x,0
167,Deroy Duarte,CPV,MF,0,2,3,33,1,2,0,0.12,8.28x,0
167,Boualem Khoukhi,QAT,DF,0,0,2,0,0,2,0,0.07,0x,0
167,Alhashmi Alhussein,QAT,DF,0,0,0,0,0,0,0,0.0,0x,0
167,Yazeed Abulaila,JOR,GK,0,0,0,0,0,0,0,0.0,0x,0
167,Mohamed Amoura,ALG,FW,0,0,0,0,0,0,0,0.0,0x,0
167,Helio Varela,CPV,MF,0,1,3,33,0,3,0,0.26,3.91x,0
167,Castrop Jens,KOR,DF,0,0,0,0,0,0,0,0.0,0x,0
167,Lee Jaesung,KOR,MF,0,1,2,0,2,0,1,0.14,0x,0
167,Lee Hanbeom,KOR,DF,0,0,2,0,2,0,2,0.22,0x,0
167,Nasser Aldawsari,KSA,MF,0,0,1,0,0,1,0,0.01,0x,0
167,Tsuyoshi Watanabe,JPN,DF,0,0,0,0,0,0,0,0.0,0x,0
167,Moteb Alharbi,KSA,DF,0,0,0,0,0,0,0,0.0,0x,0
167,Mehdi Taremi,IRN,FW,0,2,5,0,4,1,1,1.34,0x,0
167,Nawaf Alaqidi,KSA,GK,0,0,0,0,0,0,0,0.0,0x,0
167,Shuto Machino,JPN,FW,0,0,0,0,0,0,0,0.0,0x,0
167,Mohamed Kanno,KSA,MF,0,2,3,0,2,1,2,0.16,0x,0
167,Mahmoud Abunada,QAT,GK,0,0,0,0,0,0,0,0.0,0x,0
167,Merchas Doski,IRQ,DF,0,0,1,0,0,1,0,0.02,0x,0
167,Melvin Mastil,ALG,GK,0,0,0,0,0,0,0,0.0,0x,0
167,Shoja Khalilzadeh,IRN,DF,0,0,2,0,2,0,2,0.18,0x,0
167,Timothy Fayulu,COD,GK,0,0,0,0,0,0,0,0.0,0x,0
167,Samuel Moutoussamy,COD,MF,0,0,3,0,0,3,0,0.13,0x,0
167,Vozinha,CPV,GK,0,0,0,0,0,0,0,0.0,0x,0
167,Ibrahim Maza,ALG,MF,0,3,11,0,7,4,1,1.06,0x,0
167,Payam Niazmand,IRN,GK,0,0,0,0,0,0,0,0.0,0x,0
167,Ayumu Seko,JPN,DF,0,0,0,0,0,0,0,0.0,0x,0
167,Simon Banza,COD,FW,0,0,0,0,0,0,0,0.0,0x,0
167,Samir Chergui,ALG,DF,0,0,0,0,0,0,0,0.0,0x,0
167,Brian Cipenga,COD,FW,0,1,6,17,2,4,0,0.23,4.32x,1
167,Ramy Bensebaini,ALG,DF,0,0,2,0,1,1,1,0.04,0x,0
167,Fahad Talib,IRQ,GK,0,0,0,0,0,0,0,0.0,0x,0
167,Ahmed Alkassar,KSA,GK,0,0,0,0,0,0,0,0.0,0x,0
167,Takehiro Tomiyasu,JPN,DF,0,0,1,0,1,0,0,0.2,0x,0
167,Mohammad Abualnadi,JOR,DF,0,0,0,0,0,0,0,0.0,0x,0
167,Willy Semedo,CPV,MF,0,0,3,0,2,1,0,0.06,0x,0
167,Aimar Sher,IRQ,MF,0,0,0,0,0,0,0,0.0,0x,0
167,Saleh Alshehri,KSA,FW,0,0,0,0,0,0,0,0.0,0x,0
167,Jaouen Hadjam,ALG,DF,0,0,1,0,0,1,0,0.02,0x,0
167,Ziyad Aljohani,KSA,MF,0,0,0,0,0,0,0,0.0,0x,0
167,Lee Taeseok,KOR,DF,0,0,0,0,0,0,0,0.0,0x,0
167,Milad Mohammadi,IRN,DF,0,1,1,0,1,0,0,0.06,0x,0
167,Pedro Miguel,QAT,DF,0,1,3,0,2,1,0,0.23,0x,0
167,Munaf Younus,IRQ,DF,0,0,0,0,0,0,0,0.0,0x,0
167,Feras Albrikan,KSA,FW,0,0,0,0,0,0,0,0.0,0x,0
167,Nizar Alrashdan,JOR,MF,0,1,2,50,2,0,1,0.23,4.3x,0
167,Hussein Ali,IRQ,DF,0,0,1,0,1,0,0,0.01,0x,0
167,Daizen Maeda,JPN,MF,0,1,2,50,2,0,1,0.79,1.27x,0
167,Ahmed Fathy,QAT,MF,0,0,0,0,0,0,0,0.0,0x,0
167,Mohammad Abuzraiq,JOR,FW,0,0,0,0,0,0,0,0.0,0x,0
167,Cho Guesung,KOR,FW,0,1,2,0,2,0,2,0.51,0x,0
167,Bae Junho,KOR,MF,0,0,0,0,0,0,0,0.0,0x,0
167,Hiroki Ito,JPN,DF,0,0,1,0,0,1,0,0.04,0x,0
167,Husam Abudahab,JOR,DF,0,0,0,0,0,0,0,0.0,0x,0
167,Hwang Heechan,KOR,MF,0,0,1,0,0,1,0,0.01,0x,0
167,Logan Costa,CPV,DF,0,0,0,0,0,0,0,0.0,0x,0
167,Ahmed Alaaeldin,QAT,FW,0,1,1,0,1,0,0,0.13,0x,0
167,Mohanad Ali,IRQ,FW,0,0,0,0,0,0,0,0.0,0x,0
167,Saleh Hardani,IRN,DF,0,0,0,0,0,0,0,0.0,0x,0
167,Saeid Ezatolahi,IRN,MF,0,2,6,0,2,4,2,0.49,0x,0
167,Saed Alrosan,JOR,DF,0,0,0,0,0,0,0,0.0,0x,0
167,Roozbeh Cheshmi,IRN,MF,0,0,0,0,0,0,0,0.0,0x,0
167,Rayan Ait Nouri,ALG,DF,0,0,1,0,1,0,0,0.02,0x,0
167,Ali Majrashi,KSA,DF,0,0,0,0,0,0,0,0.0,0x,0
167,Yang Hyunjun,KOR,MF,0,1,1,0,1,0,0,0.19,0x,0
167,Fares Chaibi,ALG,MF,0,3,9,0,4,5,1,0.64,0x,4
167,Abdulelah Alamri,KSA,DF,0,2,4,25,3,1,1,0.93,1.07x,0
167,Stopira,CPV,DF,0,0,0,0,0,0,0,0.0,0x,0
167,Gedeon Kalulu,COD,DF,0,0,0,0,0,0,0,0.0,0x,0
167,Cj Dos Santos,CPV,GK,0,0,0,0,0,0,0,0.0,0x,0
167,Lee Gihyuk,KOR,MF,0,0,0,0,0,0,0,0.0,0x,0
167,Lee Donggyeong,KOR,MF,0,0,0,0,0,0,0,0.0,0x,0
167,Ahmed Maknazi,IRQ,DF,0,0,0,0,0,0,0,0.0,0x,0
167,Fiston Mayele,COD,FW,0,1,5,20,4,1,1,0.72,1.39x,0
167,Salah Zakaria,QAT,GK,0,0,0,0,0,0,0,0.0,0x,0
167,Mohammad Mohebbi,IRN,MF,0,1,2,50,2,0,1,0.24,4.15x,0
167,Ibrahim Sadeh,JOR,MF,0,0,0,0,0,0,0,0.0,0x,0
167,Zidane Iqbal,IRQ,MF,0,0,0,0,0,0,0,0.0,0x,1
167,Yazan Alarab,JOR,DF,0,0,0,0,0,0,0,0.0,0x,0
167,Nawaf Bu Washl,KSA,DF,0,0,0,0,0,0,0,0.0,0x,0
167,Mohammad Aldaoud,JOR,MF,0,0,0,0,0,0,0,0.0,0x,0
167,Kim Seunggyu,KOR,GK,0,0,0,0,0,0,0,0.0,0x,0
167,Musab Aljuwayr,KSA,MF,0,0,0,0,0,0,0,0.0,0x,7
167,Akam Hashim,IRQ,DF,0,0,1,0,0,1,0,0.03,0x,0
167,Adil Boulbina,ALG,FW,0,0,0,0,0,0,0,0.0,0x,0
167,Joris Kayembe,COD,DF,0,0,1,0,0,1,0,0.0,0x,0
167,Gael Kakuta,COD,FW,0,0,0,0,0,0,0,0.0,0x,0
167,Alireza Jahanbakhsh,IRN,MF,0,0,1,0,1,0,0,0.04,0x,0
167,Son Heungmin,KOR,FW,0,1,7,0,4,3,0,0.81,0x,3
167,Keisuke Goto,JPN,FW,0,0,0,0,0,0,0,0.0,0x,0
167,Aaron Wan Bissaka,COD,DF,0,0,0,0,0,0,0,0.0,0x,0
167,Ao Tanaka,JPN,MF,0,0,2,0,0,2,0,0.16,0x,0
167,Khalid Alghannam,KSA,FW,0,0,0,0,0,0,0,0.0,0x,0
167,Steven Moreira,CPV,DF,0,0,2,0,1,1,0,0.06,0x,0
167,Amine Gouiri,ALG,FW,0,2,3,33,2,1,0,0.62,1.61x,0
167,Axel Tuanzebe,COD,DF,0,0,0,0,0,0,0,0.0,0x,0
167,Ayoub Aloui,QAT,DF,0,0,0,0,0,0,0,0.0,0x,0
167,Oussama Benbot,ALG,GK,0,0,0,0,0,0,0,0.0,0x,0
167,Sidny Lopes Cabral,CPV,DF,0,2,4,25,0,4,0,0.11,8.93x,8
167,Rebin Sulaka,IRQ,DF,0,0,1,0,1,0,0,0.07,0x,0
167,Yuito Suzuki,JPN,MF,0,0,0,0,0,0,0,0.0,0x,0
167,Ala Alhajji,KSA,MF,0,0,0,0,0,0,0,0.0,0x,0
167,Zineddine Belaid,ALG,DF,0,0,0,0,0,0,0,0.0,0x,0
167,Ali Olwan,JOR,FW,0,3,6,17,4,2,1,0.25,3.93x,0
167,Jassem Gaber,QAT,DF,0,0,0,0,0,0,0,0.0,0x,0
167,Nour Baniateyah,JOR,GK,0,0,0,0,0,0,0,0.0,0x,0
167,Meshaal Barsham,QAT,GK,0,0,0,0,0,0,0,0.0,0x,0
167,Marko Farji,IRQ,FW,0,0,0,0,0,0,0,0.0,0x,0
167,Jamiro Monteiro,CPV,MF,0,1,5,0,2,3,0,0.19,0x,4
167,Park Jinseob,KOR,DF,0,1,1,0,1,0,1,0.24,0x,0
167,Seol Youngwoo,KOR,DF,0,0,2,0,1,1,0,0.03,0x,0
167,Noah Sadiki,COD,MF,0,0,0,0,0,0,0,0.0,0x,0
167,Almoez Ali,QAT,FW,0,1,1,0,1,0,1,0.05,0x,0
167,Frans Putros,IRQ,DF,0,0,0,0,0,0,0,0.0,0x,0
167,Homam Ahmed,QAT,DF,0,0,1,0,0,1,0,0.0,0x,0
167,Zaid Tahseen,IRQ,DF,0,0,2,0,1,1,1,0.21,0x,0
167,Odeh Fakhoury,JOR,FW,0,1,2,0,0,2,0,0.08,0x,2
167,Abdallah Nasib,JOR,DF,0,0,0,0,0,0,0,0.0,0x,0
167,Jalal Hassan,IRQ,GK,0,0,0,0,0,0,0,0.0,0x,0
167,Mohammad Ghorbani,IRN,MF,0,0,2,0,1,1,0,0.18,0x,0
167,Mohamed Manai,QAT,FW,0,0,0,0,0,0,0,0.0,0x,0
167,Rajaei Ayed,JOR,MF,0,0,0,0,0,0,0,0.0,0x,0
167,Yoane Wissa,COD,FW,0,3,11,27,7,4,2,1.79,1.68x,0
167,Charles Pickel,COD,MF,0,0,1,0,1,0,0,0.1,0x,0
167,Matthieu Epolo,COD,GK,0,0,0,0,0,0,0,0.0,0x,0
167,Hassan Kadish,KSA,DF,0,0,0,0,0,0,0,0.0,0x,0
167,Lionel Mpasi,COD,GK,0,0,0,0,0,0,0,0.0,0x,0
167,Abdullah Alkhaibari,KSA,MF,0,0,1,0,0,1,0,0.01,0x,0
167,Danial Iri,IRN,DF,0,0,0,0,0,0,0,0.0,0x,0
167,Akram Afif,QAT,FW,0,0,2,0,1,1,0,0.16,0x,7
167,Mohammed Abu Alshamat,KSA,DF,0,1,1,0,1,0,0,0.02,0x,0
167,Mohammad Abughoush,JOR,MF,0,0,0,0,0,0,0,0.0,0x,0
167,Ramiz Zerrouki,ALG,MF,0,0,0,0,0,0,0,0.0,0x,0
167,Ali Jasim,IRQ,FW,0,1,4,0,0,4,0,0.11,0x,3
167,Shogo Taniguchi,JPN,DF,0,0,0,0,0,0,0,0.0,0x,0
167,Kevin Yakob,IRQ,MF,0,0,1,0,1,0,0,0.07,0x,0
167,Diney Borges,CPV,DF,0,2,4,0,3,1,3,0.18,0x,0
167,Aiman Yahya,KSA,FW,0,0,0,0,0,0,0,0.0,0x,0
167,Arya Yousefi,IRN,DF,0,1,1,0,1,0,0,0.06,0x,0
167,Theo Bongonda,COD,MF,0,0,1,0,1,0,0,0.04,0x,1
167,Fares Ghedjemis,ALG,FW,0,0,0,0,0,0,0,0.0,0x,0
167,Issa Laye,QAT,DF,0,0,1,0,1,0,1,0.07,0x,0
167,Steve Kapuadi,COD,DF,0,0,1,0,1,0,1,0.08,0x,0
167,Marcio Rosa,CPV,GK,0,0,0,0,0,0,0,0.0,0x,0
167,Keisuke Osako,JPN,GK,0,0,0,0,0,0,0,0.0,0x,0
167,Tomoki Hayakawa,JPN,GK,0,0,0,0,0,0,0,0.0,0x,0
167,Ali Nemati,IRN,DF,0,0,1,0,1,0,0,0.06,0x,0
167,Ali Azaizeh,JOR,FW,0,0,2,0,1,1,1,0.06,0x,1
167,Yusuf Abdurisag,QAT,FW,0,0,0,0,0,0,0,0.0,0x,0
167,Sultan Mandash,KSA,FW,0,0,0,0,0,0,0,0.0,0x,0
167,Ehsan Hajisafi,IRN,DF,0,0,1,0,0,1,0,0.08,0x,0
167,Ahmed Basil,IRQ,GK,0,0,0,0,0,0,0,0.0,0x,0
167,Ali Yousif,IRQ,FW,0,0,0,0,0,0,0,0.0,0x,0
167,Yukinari Sugawara,JPN,DF,0,2,2,0,1,1,0,0.09,0x,0
167,Abdallah Alfakhori,JOR,GK,0,0,0,0,0,0,0,0.0,0x,0
167,Jo Hyeonwoo,KOR,GK,0,0,0,0,0,0,0,0.0,0x,0
167,Ngalayel Mukau,COD,MF,0,0,1,0,0,1,0,0.06,0x,0
167,Zion Suzuki,JPN,GK,0,0,0,0,0,0,0,0.0,0x,0
167,Hossein Kanani,IRN,DF,0,1,1,0,1,0,0,0.02,0x,0
167,Pico Lopes,CPV,DF,0,0,2,0,2,0,2,0.29,0x,0
167,Mehdi Ghayedi,IRN,FW,0,0,1,0,0,1,0,0.05,0x,1
167,Yassine Titraoui,ALG,MF,0,0,0,0,0,0,0,0.0,0x,0
167,Song Bumkeun,KOR,GK,0,0,0,0,0,0,0,0.0,0x,0
167,Abdulaziz Hatem,QAT,MF,0,0,0,0,0,0,0,0.0,0x,0
167,Sultan Albrake,QAT,DF,0,0,0,0,0,0,0,0.0,0x,0
167,Anis Hadj Moussa,ALG,FW,0,1,2,0,2,0,0,0.15,0x,5
167,Youssef Amyn,IRQ,MF,0,0,0,0,0,0,0,0.0,0x,0
167,Mohammad Abuhasheesh,JOR,DF,0,0,0,0,0,0,0,0.0,0x,0
167,Hassan Altambakti,KSA,DF,0,0,0,0,0,0,0,0.0,0x,0
167,Ali Alhamadi,IRQ,FW,0,0,6,0,4,2,2,0.95,0x,0
167,Junnosuke Suzuki,JPN,DF,0,0,0,0,0,0,0,0.0,0x,0
167,Luca Zidane,ALG,GK,0,0,0,0,0,0,0,0.0,0x,0
167,Assim Madibo,QAT,MF,0,0,0,0,0,0,0,0.0,0x,0
167,Daichi Kamada,JPN,MF,0,0,1,200,0,1,0,0.09,23.09x,1
167,Kento Shiogai,JPN,FW,0,0,0,0,0,0,0,0.0,0x,0
167,Anas Badawi,JOR,DF,0,0,0,0,0,0,0,0.0,0x,0
167,Dennis Dargahi,IRN,FW,0,0,0,0,0,0,0,0.0,0x,0
167,Cho Wije,KOR,DF,0,0,0,0,0,0,0,0.0,0x,0
167,Eom Jisung,KOR,MF,0,0,0,0,0,0,0,0.0,0x,0
167,Dylan Batubinsika,COD,DF,0,0,0,0,0,0,0,0.0,0x,0
167,Shahriyar Moghanloo,IRN,FW,0,0,3,0,2,1,1,0.51,0x,0
167,Paik Seungho,KOR,MF,0,0,0,0,0,0,0,0.0,0x,0
167,Aissa Mandi,ALG,DF,0,0,0,0,0,0,0,0.0,0x,0
167,Ahmed Qasem,IRQ,FW,0,0,0,0,0,0,0,0.0,0x,0
167,Tahsin Mohammed,QAT,FW,0,0,0,0,0,0,0,0.0,0x,0
167,Mahmoud Almardi,JOR,FW,0,1,1,0,1,0,0,0.02,0x,1
167,Cedric Bakambu,COD,FW,0,0,3,0,1,2,1,0.24,0x,0
167,Hicham Boudaoui,ALG,MF,0,0,0,0,0,0,0,0.0,0x,0
167,Saud Abdulhamid,KSA,DF,0,0,2,0,0,2,0,0.11,0x,0
167,Kim Moonhwan,KOR,DF,0,0,0,0,0,0,0,0.0,0x,0
167,Rafik Belghali,ALG,DF,0,1,3,33,2,1,0,0.28,3.6x,0
167,Salem Aldawsari,KSA,FW,0,1,3,0,1,2,0,0.08,0x,0
167,Nadhir Benbouali,ALG,FW,0,2,2,50,2,0,2,0.16,6.14x,0
167,Jehad Thikri,KSA,DF,0,0,0,0,0,0,0,0.0,0x,0
167,Hassan Alhaydos,QAT,FW,0,1,1,100,1,0,0,0.66,1.51x,0
167,Mohamed Amine Tougai,ALG,DF,0,0,0,0,0,0,0,0.0,0x,0
167,Mustafa Saadoon,IRQ,DF,0,0,0,0,0,0,0,0.0,0x,0
167,Amer Jamous,JOR,MF,0,0,0,0,0,0,0,0.0,0x,0
167,Hossein Hosseini,IRN,GK,0,0,0,0,0,0,0,0.0,0x,0
167,Oh Hyeongyu,KOR,FW,0,2,4,25,4,0,2,0.6,1.67x,0
167,Amirhossein Hosseinzadeh,IRN,FW,0,0,1,0,1,0,0,0.09,0x,0
167,Nathan Ake,NED,DF,0,0,1,0,1,0,1,0.14,0x,0
167,Mats Wieffer,NED,DF,0,0,0,0,0,0,0,0.0,0x,0
167,Luka Vuskovic,CRO,DF,0,0,0,0,0,0,0,0.0,0x,0
167,Andrej Kramaric,CRO,FW,0,0,1,0,0,1,0,0.01,0x,0
167,Josko Gvardiol,CRO,DF,0,0,1,0,1,0,0,0.18,0x,0
167,Micky Van De Ven,NED,DF,0,1,3,0,2,1,2,0.13,0x,0
167,Manu Kone,FRA,MF,0,2,6,0,1,5,0,0.19,0x,0
167,Marin Pongracic,CRO,DF,0,0,1,0,1,0,1,0.05,0x,0
167,Ivor Pandur,CRO,GK,0,0,0,0,0,0,0,0.0,0x,0
167,Maxence Lacroix,FRA,DF,0,0,0,0,0,0,0,0.0,0x,0
167,Maximilian Beier,GER,FW,0,0,0,0,0,0,0,0.0,0x,0
167,Jorrel Hato,NED,DF,0,0,0,0,0,0,0,0.0,0x,0
167,Oscar Bobb,NOR,MF,0,3,4,0,4,0,0,0.62,0x,0
167,Torbjorn Heggem,NOR,DF,0,1,1,0,1,0,0,0.61,0x,0
167,Jordan Pickford,ENG,GK,0,0,0,0,0,0,0,0.0,0x,0
167,Manuel Neuer,GER,GK,0,0,0,0,0,0,0,0.0,0x,0
167,Rui Silva,POR,GK,0,0,0,0,0,0,0,0.0,0x,0
167,Marcus Thuram,FRA,FW,0,0,0,0,0,0,0,0.0,0x,0
167,Senne Lammens,BEL,GK,0,0,0,0,0,0,0,0.0,0x,0
167,Oliver Baumann,GER,GK,0,0,0,0,0,0,0,0.0,0x,0
167,Andy Robertson,SCO,DF,0,0,0,0,0,0,0,0.0,0x,0
167,Jean Philippe Mateta,FRA,FW,0,1,3,0,3,0,1,0.92,0x,0
167,Aleksandar Pavlovic,GER,MF,0,1,4,0,1,3,0,0.37,0x,0
167,Henrik Falchener,NOR,DF,0,0,0,0,0,0,0,0.0,0x,0
167,Ruben Neves,POR,MF,0,0,2,0,0,2,0,0.03,0x,0
167,Josip Sutalo,CRO,DF,0,0,1,0,1,0,0,0.06,0x,0
167,Jordan Henderson,ENG,MF,0,0,0,0,0,0,0,0.0,0x,1
167,Dejan Ljubicic,AUT,MF,0,0,0,0,0,0,0,0.0,0x,0
167,Joao Neves,POR,MF,0,1,3,33,3,0,2,0.25,4.07x,1
167,Francisco Trincao,POR,FW,0,0,1,0,1,0,0,0.11,0x,1
167,Patrick Wimmer,AUT,FW,0,0,1,0,1,0,1,0.12,0x,0
167,Lutsharel Geertruida,NED,DF,0,0,0,0,0,0,0,0.0,0x,0
167,Nick Woltemade,GER,FW,0,0,2,0,2,0,0,0.09,0x,0
167,Leon Goretzka,GER,MF,0,0,2,0,2,0,1,0.19,0x,0
167,Bernardo Silva,POR,MF,0,0,1,0,1,0,1,0.22,0x,1
167,Morten Thorsby,NOR,MF,0,0,0,0,0,0,0,0.0,0x,0
167,Michael Svoboda,AUT,DF,0,0,0,0,0,0,0,0.0,0x,0
167,Ngolo Kante,FRA,MF,0,0,0,0,0,0,0,0.0,0x,0
167,Julian Ryerson,NOR,FW,0,0,0,0,0,0,0,0.0,0x,7
167,Thibaut Courtois,BEL,GK,0,0,0,0,0,0,0,0.0,0x,0
167,John Mcginn,SCO,MF,0,1,3,33,3,0,0,0.56,1.78x,4
167,Matias Fernandez Pardo,BEL,FW,0,0,3,0,2,1,0,0.25,0x,0
167,Stefan Posch,AUT,DF,0,0,3,0,3,0,1,0.4,0x,0
167,Dominik Livakovic,CRO,GK,0,0,0,0,0,0,0,0.0,0x,0
167,John Stones,ENG,DF,0,0,1,0,1,0,1,0.07,0x,0
167,Antonio Ruediger,GER,DF,0,0,1,0,0,1,0,0.04,0x,0
167,Zeno Debast,BEL,DF,0,0,0,0,0,0,0,0.0,0x,0
167,Jeremy Doku,BEL,FW,0,1,3,0,3,0,0,0.14,0x,0
167,David Raum,GER,DF,0,1,1,0,1,0,0,0.04,0x,2
167,Malo Gusto,FRA,DF,0,0,0,0,0,0,0,0.0,0x,0
167,Joaquin Seys,BEL,DF,0,0,0,0,0,0,0,0.0,0x,0
167,Noa Lang,NED,FW,0,0,0,0,0,0,0,0.0,0x,0
167,Robin Risser,FRA,GK,0,0,0,0,0,0,0,0.0,0x,0
167,Matheus Nunes,POR,MF,0,0,0,0,0,0,0,0.0,0x,0
167,Malick Thiaw,GER,DF,0,0,0,0,0,0,0,0.0,0x,0
167,Brice Samba,FRA,GK,0,0,0,0,0,0,0,0.0,0x,0
167,Goncalo Inacio,POR,DF,0,0,0,0,0,0,0,0.0,0x,0
167,Mike Penders,BEL,GK,0,0,0,0,0,0,0,0.0,0x,0
167,Marco Pasalic,CRO,FW,0,2,3,0,3,0,0,0.52,0x,1
167,Guus Til,NED,MF,0,0,0,0,0,0,0,0.0,0x,0
167,Mark Flekken,NED,GK,0,0,0,0,0,0,0,0.0,0x,0
167,Mike Maignan,FRA,GK,0,0,0,0,0,0,0,0.0,0x,0
167,Diego Moreira,BEL,MF,0,0,0,0,0,0,0,0.0,0x,0
167,Rayan Cherki,FRA,MF,0,1,1,0,0,1,0,0.08,0x,2
167,Nathan Ngoy,BEL,DF,0,0,1,0,1,0,0,0.02,0x,0
167,Jamie Leweling,GER,MF,0,0,1,0,0,1,0,0.08,0x,0
167,Antonio Nusa,NOR,FW,0,2,6,17,4,2,0,0.37,2.7x,0
167,Sondre Langas,NOR,DF,0,0,0,0,0,0,0,0.0,0x,0
167,Vitinha,POR,MF,0,0,4,0,0,4,0,0.12,0x,0
167,Brandon Mechele,BEL,DF,0,1,5,0,5,0,4,0.39,0x,0
167,Cristiano Ronaldo,POR,FW,0,9,18,17,15,3,0,2.94,1.02x,0
167,Wout Weghorst,NED,FW,0,0,0,0,0,0,0,0.0,0x,0
167,Marco Friedl,AUT,DF,0,0,0,0,0,0,0,0.0,0x,0
167,Phillip Mwene,AUT,DF,0,0,1,0,1,0,0,0.0,0x,0
167,Egil Selvik,NOR,GK,0,0,0,0,0,0,0,0.0,0x,0
167,Kristoffer Ajer,NOR,DF,0,1,2,0,2,0,2,0.2,0x,0
167,Jules Kounde,FRA,DF,0,0,2,0,2,0,1,0.06,0x,0
167,Kevin De Bruyne,BEL,MF,0,5,20,5,9,11,0,1.39,0.72x,14
167,Teun Koopmeiners,NED,MF,0,0,2,0,2,0,1,0.11,0x,3
167,William Saliba,FRA,DF,0,0,1,0,1,0,1,0.06,0x,0
167,Youri Tielemans,BEL,MF,0,3,11,18,7,4,2,1.5,1.33x,5
167,Fredrik Andre Bjorkan,NOR,DF,0,0,0,0,0,0,0,0.0,0x,0
167,Ibrahima Konate,FRA,DF,0,0,0,0,0,0,0,0.0,0x,0
167,Arthur Theate,BEL,DF,0,1,5,0,3,2,2,0.25,0x,0
167,Goncalo Ramos,POR,FW,0,1,2,50,2,0,2,0.13,7.42x,0
167,Nuno Mendes,POR,DF,0,1,3,33,1,2,0,0.15,6.47x,7
167,Nicolas Seiwald,AUT,MF,0,0,3,0,2,1,0,0.05,0x,0
167,Nelson Semedo,POR,DF,0,0,0,0,0,0,0,0.0,0x,0
167,Jose Sa,POR,GK,0,0,0,0,0,0,0,0.0,0x,0
167,Igor Matanovic,CRO,FW,0,2,4,0,3,1,2,0.12,0x,0
167,Marcel Sabitzer,AUT,MF,0,2,5,20,1,4,0,0.46,2.19x,9
167,Maghnes Akliouche,FRA,MF,0,0,0,0,0,0,0,0.0,0x,0
167,Kieran Tierney,SCO,DF,0,0,2,0,2,0,0,0.06,0x,0
167,Patrick Pentz,AUT,GK,0,0,0,0,0,0,0,0.0,0x,0
167,Justin Kluivert,NED,MF,0,0,0,0,0,0,0,0.0,0x,0
167,Carney Chukwuemeka,AUT,MF,0,1,2,0,2,0,0,0.56,0x,0
167,Warren Zaire Emery,FRA,MF,0,0,1,0,0,1,0,0.04,0x,0
167,Lucas Hernandez,FRA,DF,0,0,0,0,0,0,0,0.0,0x,0
167,Theo Hernandez,FRA,DF,0,0,3,0,1,2,0,0.12,0x,0
167,Angus Gunn,SCO,GK,0,0,0,0,0,0,0,0.0,0x,0
167,Robin Roefs,NED,GK,0,0,0,0,0,0,0,0.0,0x,0
167,Alessandro Schoepf,AUT,MF,0,0,0,0,0,0,0,0.0,0x,0
167,Samu Costa,POR,DF,0,0,0,0,0,0,0,0.0,0x,0
167,Grant Hanley,SCO,DF,0,0,0,0,0,0,0,0.0,0x,0
167,Nico Schlotterbeck,GER,DF,0,2,2,50,2,0,2,0.25,4.01x,0
167,Brian Brobbey,NED,FW,0,3,4,75,4,0,0,1.4,2.14x,0
167,Orjan Nyland,NOR,GK,0,0,0,0,0,0,0,0.0,0x,0
167,Marcus Holmgren Pedersen,NOR,DF,0,1,1,100,1,0,0,0.16,6.1x,0
167,Koni De Winter,BEL,DF,0,0,0,0,0,0,0,0.0,0x,0
167,Fredrik Aursnes,NOR,MF,0,0,2,0,1,1,0,0.02,0x,0
167,Nikola Moro,CRO,MF,0,0,0,0,0,0,0,0.0,0x,0
167,Maxim De Cuyper,BEL,DF,0,6,10,0,5,5,0,1.09,0x,4
167,Thelo Aasgaard,NOR,MF,0,1,2,50,1,1,0,0.18,5.48x,0
167,Alexander Nuebel,GER,GK,0,0,0,0,0,0,0,0.0,0x,0
167,Reece James,ENG,DF,0,0,1,0,0,1,0,0.04,0x,0
167,Tomas Araujo,POR,DF,0,0,0,0,0,0,0,0.0,0x,0
167,Ruben Dias,POR,DF,0,0,0,0,0,0,0,0.0,0x,0
167,Angelo Stiller,GER,MF,0,0,0,0,0,0,0,0.0,0x,0
167,Jarell Quansah,ENG,DF,0,0,0,0,0,0,0,0.0,0x,0
167,Paul Wanner,AUT,MF,0,0,1,0,1,0,1,0.08,0x,0
167,Toni Fruk,CRO,MF,0,0,0,0,0,0,0,0.0,0x,0
167,Nico Oreilly,ENG,DF,0,1,7,0,6,1,5,0.88,0x,0
167,Trevoh Chalobah,ENG,DF,0,0,0,0,0,0,0,0.0,0x,0
167,Petar Musa,CRO,FW,0,1,1,100,1,0,0,0.34,2.91x,0
167,Alexander Sorloth,NOR,FW,0,1,5,0,5,0,1,0.6,0x,0
167,Jens Petter Hauge,NOR,MF,0,0,0,0,0,0,0,0.0,0x,0
167,Sasa Kalajdzic,AUT,FW,0,1,3,33,2,1,2,0.39,2.58x,0
167,Joao Felix,POR,FW,0,1,6,0,4,2,1,0.62,0x,0
167,Erling Haaland,NOR,FW,0,12,19,37,18,1,7,4.62,1.51x,0
167,David Affengruber,AUT,DF,0,0,0,0,0,0,0,0.0,0x,0
167,Marten De Roon,NED,MF,0,0,0,0,0,0,0,0.0,0x,0
167,Craig Gordon,SCO,GK,0,0,0,0,0,0,0,0.0,0x,0
167,Jamal Musiala,GER,MF,0,1,6,17,4,2,0,0.34,2.92x,0
167,Anthony Ralston,SCO,DF,0,1,1,0,1,0,0,0.02,0x,0
167,Ollie Watkins,ENG,FW,0,0,1,0,1,0,0,0.04,0x,0
167,Martin Baturina,CRO,MF,0,1,3,33,0,3,0,0.1,10.18x,2
167,Ante Budimir,CRO,FW,0,1,3,33,3,0,1,0.46,2.18x,0
167,Sander Berge,NOR,MF,0,0,0,0,0,0,0,0.0,0x,0
167,Frenkie De Jong,NED,MF,0,0,1,0,1,0,0,0.04,0x,0
167,Ivan Toney,ENG,FW,0,1,2,0,2,0,1,0.06,0x,0
167,Waldemar Anton,GER,DF,0,1,1,0,1,0,1,0.11,0x,0
167,Diogo Dalot,POR,DF,0,0,1,0,0,1,0,0.04,0x,0
167,Nikola Vlasic,CRO,MF,0,1,3,33,2,1,1,0.2,5.07x,0
167,Philipp Lienhart,AUT,DF,0,0,1,0,1,0,0,0.1,0x,0
167,Pascal Gross,GER,MF,0,0,1,0,0,1,0,0.04,0x,0
167,Donyell Malen,NED,FW,0,2,4,0,2,2,1,0.22,0x,0
167,Florian Grillitsch,AUT,MF,0,0,0,0,0,0,0,0.0,0x,0
167,Sander Tangvik,NOR,GK,0,0,0,0,0,0,0,0.0,0x,0
167,Kristijan Jakic,CRO,DF,0,0,0,0,0,0,0,0.0,0x,0
167,Lucas Digne,FRA,DF,0,1,2,0,0,2,0,0.03,0x,0
167,Quinten Timber,NED,MF,0,0,0,0,0,0,0,0.0,0x,0
167,Assan Ouedraogo,GER,MF,0,0,0,0,0,0,0,0.0,0x,0
167,Francisco Conceicao,POR,FW,0,0,2,0,2,0,0,0.17,0x,0
167,Kristian Thorstvedt,NOR,MF,0,1,3,0,2,1,0,0.17,0x,0
167,Duje Caleta Car,CRO,DF,0,0,0,0,0,0,0,0.0,0x,0
167,Diogo Costa,POR,GK,0,0,0,0,0,0,0,0.0,0x,0
167,Jan Paul Van Hecke,NED,DF,0,2,3,33,3,0,3,0.15,6.86x,0
167,Alexander Schlager,AUT,GK,0,0,0,0,0,0,0,0.0,0x,0
167,Djed Spence,ENG,DF,0,2,2,0,1,1,0,0.71,0x,0
167,Jonathan Tah,GER,DF,0,1,1,0,1,0,1,0.03,0x,0
167,Goncalo Guedes,POR,FW,0,0,0,0,0,0,0,0.0,0x,0
167,Leo Ostigard,NOR,DF,0,1,3,33,3,0,3,0.32,3.16x,0
167,Amadou Onana,BEL,MF,0,0,2,0,0,2,0,0.07,0x,0
167,Dan Burn,ENG,DF,0,0,0,0,0,0,0,0.0,0x,0
167,Dean Henderson,ENG,GK,0,0,0,0,0,0,0,0.0,0x,0
167,Renato Veiga,POR,DF,0,0,2,0,2,0,2,0.28,0x,0
167,Kevin Danso,AUT,DF,0,0,1,0,1,0,1,0.06,0x,0
167,Mario Pasalic,CRO,MF,0,1,4,0,1,3,1,0.36,0x,0
167,Dominik Kotarski,CRO,GK,0,0,0,0,0,0,0,0.0,0x,0
167,Alexis Saelemaekers,BEL,MF,0,1,4,25,3,1,0,0.14,7.01x,1
167,Alexander Prass,AUT,MF,0,0,0,0,0,0,0,0.0,0x,0
167,Noni Madueke,ENG,FW,0,1,6,0,4,2,0,0.61,0x,0
167,Luka Sucic,CRO,MF,0,0,1,0,0,1,0,0.04,0x,0
167,Ezri Konsa,ENG,DF,0,2,3,33,3,0,2,0.32,3.1x,0
167,Dodi Lukebakio,BEL,FW,0,1,7,0,5,2,1,0.41,0x,0
167,James Trafford,ENG,GK,0,0,0,0,0,0,0,0.0,0x,0
167,Martin Erlic,CRO,DF,0,0,0,0,0,0,0,0.0,0x,0
167,Leroy Sane,GER,MF,0,2,6,17,5,1,0,1.57,0.64x,1
167,Romano Schmid,AUT,MF,0,1,2,50,0,2,0,0.12,8.48x,0
167,Marc Guehi,ENG,DF,0,0,1,0,1,0,1,0.15,0x,0
167,Bart Verbruggen,NED,GK,0,0,0,0,0,0,0,0.0,0x,0
167,Kai Havertz,GER,FW,0,7,12,25,11,1,7,2.0,1.5x,0
167,Kobbie Mainoo,ENG,MF,0,0,0,0,0,0,0,0.0,0x,0
167,Jorgen Strand Larsen,NOR,FW,0,1,2,0,2,0,0,0.85,0x,0
167,Florian Wiegele,AUT,GK,0,0,0,0,0,0,0,0.0,0x,0
167,Axel Witsel,BEL,MF,0,0,0,0,0,0,0,0.0,0x,0
167,Jovo Lukic,BIH,FW,0,2,3,33,3,0,3,0.46,2.18x,0
167,Tarik Muharemovic,BIH,DF,0,0,1,0,1,0,1,0.12,0x,0
167,Joshua Brenet,CUW,DF,0,0,0,0,0,0,0,0.0,0x,0
167,Kenji Gorre,CUW,FW,0,0,0,0,0,0,0,0.0,0x,0
167,Martin Zlomislic,BIH,GK,0,0,0,0,0,0,0,0.0,0x,0
167,Roshon Van Eijma,CUW,DF,0,0,0,0,0,0,0,0.0,0x,0
167,Arjany Martha,CUW,MF,0,0,0,0,0,0,0,0.0,0x,0
167,Sherel Floranus,CUW,DF,0,0,2,0,1,1,0,0.17,0x,0
167,Trevor Doornbusch,CUW,GK,0,0,0,0,0,0,0,0.0,0x,0
167,Stjepan Radeljic,BIH,DF,0,0,1,0,1,0,0,0.01,0x,0
167,Armando Obispo,CUW,DF,0,0,0,0,0,0,0,0.0,0x,0
167,Riechedly Bazoer,CUW,DF,0,0,0,0,0,0,0,0.0,0x,0
167,Juergen Locadia,CUW,FW,0,0,1,0,1,0,0,0.08,0x,0
167,Brandley Kuwas,CUW,FW,0,0,0,0,0,0,0,0.0,0x,0
167,Shurandy Sambo,CUW,DF,0,0,0,0,0,0,0,0.0,0x,0
167,Tahith Chong,CUW,MF,0,2,4,0,2,2,0,0.2,0x,0
167,Jearl Margaritha,CUW,FW,0,0,1,0,1,0,0,0.05,0x,0
167,Amar Memic,BIH,MF,0,1,3,0,2,1,0,0.19,0x,0
167,Benjamin Tahirovic,BIH,MF,0,0,1,0,0,1,0,0.01,0x,1
167,Armin Gigovic,BIH,MF,0,0,0,0,0,0,0,0.0,0x,0
167,Nikola Katic,BIH,DF,0,0,2,0,1,1,1,0.08,0x,0
167,Tyrese Noslin,CUW,FW,0,0,0,0,0,0,0,0.0,0x,0
167,Leandro Bacuna,CUW,MF,0,1,6,0,3,3,2,0.33,0x,1
167,Kerim Alajbegovic,BIH,FW,0,1,4,25,1,3,0,0.14,7.25x,7
167,Godfried Roemeratoe,CUW,MF,0,0,0,0,0,0,0,0.0,0x,0
167,Eloy Room,CUW,GK,0,0,0,0,0,0,0,0.0,0x,0
167,Deveron Fonville,CUW,DF,0,0,0,0,0,0,0,0.0,0x,0
167,Kevin Felida,CUW,MF,0,0,0,0,0,0,0,0.0,0x,0
167,Juninho Bacuna,CUW,MF,0,1,5,0,2,3,1,0.33,0x,2
167,Ermin Mahmic,BIH,MF,0,2,4,50,2,2,0,0.34,5.88x,0
167,Gervane Kastaneer,CUW,FW,0,0,1,0,0,1,0,0.03,0x,0
167,Samed Bazdar,BIH,FW,0,0,0,0,0,0,0,0.0,0x,0
167,Jurien Gaari,CUW,DF,0,0,2,0,1,1,1,0.11,0x,0
167,Mladen Jurkas,BIH,GK,0,0,0,0,0,0,0,0.0,0x,0
167,Jeremy Antonisse,CUW,FW,0,0,1,0,1,0,0,0.05,0x,2
167,Tyrick Bodak,CUW,GK,0,0,0,0,0,0,0,0.0,0x,0
167,Sontje Hansen,CUW,FW,0,1,1,0,0,1,0,0.03,0x,0
167,Livano Comenencia,CUW,MF,0,2,5,20,2,3,0,0.31,3.25x,0
