Country,Goals,Minutes Played,Assists,Attempts On Target,Attempts At Goal,Attempts At Goal Conv. Rate (%),Attempts Inside the Penalty Area,Attempts Outside the Penalty Area,Headed Attempts at Goal,xG,xG Efficiency,Corners,Own Goals,Forced Turnovers,Defensive Pressures Applied,Defensive Pressures Directly Applied,Passes,Passes Completed,Passing Accuracy (%),Crosses,Crossing Accuracy (%),Take-Ons Completed,Defensive Linebreaks Attempted,Defensive Linebreaks Acc (%),Switches of Play Attempted,Switches of Play Acc (%),Fouls Against,Fouls For,Yellow Cards,Red Cards,Indirect Red Cards,Offsides,Infraction Score,Goalkeeper Saves,Goalkeeper Actions Inside the Penalty Area,Goalkeeper Actions Outside the Penalty Area,Total Actions,Attack,Possession,Defense,Goalkeeping,Discipline
ALG,5,4423,3,16,44,5.730769230769231,26,18,5,4.74,0.4880769230769231,14,0,181,1015,152,2641,2382,87.55047619047619,39,8.576923076923077,48,76,36.42307692307692,30,34.23076923076923,29,40,3,0,0,4,3,9.0,48.0,45.0,93.0,29.937310470747004,37.73476307433341,28.862278789543243,15.662790697674419,91.26794258373205
ARG,18,10223,12,46,115,9.8,66,49,22,15.43,0.8112,41,0,351,2054,349,5248,4699,89.30125,111,17.04,58,138,46.0,39,50.72,113,100,15,1,1,22,20,20.0,111.0,97.0,208.0,76.28314757481941,74.3918167510991,88.7248322147651,64.55813953488372,0.0
AUS,2,4809,1,13,42,1.4230769230769231,26,16,6,2.73,0.40153846153846157,16,1,174,1229,162,1647,1336,77.22909090909091,70,14.0,39,76,24.53846153846154,21,24.653846153846153,46,38,5,0,0,1,5,14.0,91.0,76.0,167.0,15.493204731285228,15.429093263792263,31.322842822568187,41.93023255813954,78.10406698564594
AUT,5,4526,4,8,31,6.538461538461538,19,12,7,3.8800000000000003,0.5684615384615385,10,0,150,1220,209,1827,1561,82.48049999999999,62,5.0,15,72,34.34615384615385,8,23.076923076923077,47,27,5,0,0,11,5,15.0,85.0,74.0,159.0,21.529352226720647,23.324175661358275,25.512624658850992,42.94186046511628,77.76315789473685
BEL,13,7123,10,35,112,7.2,74,38,16,10.62,0.7084,24,0,263,1582,227,3081,2653,83.23217391304348,133,14.04,68,138,41.84,30,39.4,78,68,6,1,0,8,9,19.0,117.0,95.0,212.0,60.210712074303416,41.40687271303307,58.99998283527008,62.80232558139536,52.458133971291865
BIH,4,4452,3,14,37,4.32,16,21,5,2.06,0.6124,15,0,159,987,155,1591,1292,78.89772727272727,57,5.0,32,51,18.44,17,26.0,58,36,7,1,0,2,10,8.0,92.0,70.0,162.0,22.23432198142415,14.27529593069564,23.157409155666937,26.0,55.5921052631579
BRA,10,5718,8,29,73,6.48,50,23,11,10.89,0.3396,27,0,186,1338,214,2742,2462,88.50363636363636,89,14.32,44,107,40.4,24,35.0,51,54,8,0,0,11,8,15.0,67.0,59.0,126.0,45.80543034055728,40.39505613024454,36.23242760775159,36.802325581395344,65.34688995215312
CAN,8,5612,3,32,81,4.5,57,24,16,9.040000000000001,0.681923076923077,50,0,228,1183,228,2098,1722,78.92227272727273,158,10.076923076923077,32,119,32.07692307692308,18,46.15384615384615,72,71,11,0,0,7,11,7.0,49.0,40.0,89.0,37.75340557275542,23.77161710225827,43.12505363978097,9.918604651162791,47.135167464114836
CIV,5,4487,4,14,45,3.32,30,15,3,5.51,0.16799999999999998,26,0,176,1123,188,1970,1727,86.4040909090909,78,11.32,52,85,34.32,13,30.0,29,36,4,0,0,4,4,11.0,84.0,68.0,152.0,27.3022786377709,27.586325972990807,29.759393398444878,31.639534883720934,87.58373205741627
COD,5,4497,3,10,41,2.4615384615384617,18,23,5,3.72,0.28423076923076923,13,0,172,1234,179,1470,1195,79.24190476190476,64,13.692307692307692,25,70,20.615384615384617,18,16.53846153846154,44,44,6,0,0,9,6,15.0,83.0,70.0,153.0,19.600265936334047,13.47973770182287,30.948952093238812,41.825581395348834,75.10167464114832
COL,5,5943,5,31,94,3.8461538461538463,55,39,13,7.3,0.2469230769230769,24,0,194,1088,191,2789,2437,85.098,82,15.307692307692308,33,98,30.76923076923077,56,39.30769230769231,70,64,8,0,0,19,8,7.0,57.0,54.0,111.0,30.11143526236406,36.45982358973956,33.31622581918673,14.011627906976745,58.869617224880386
CPV,4,4891,2,12,49,4.44,20,29,6,2.56,1.298,17,1,191,1252,166,1555,1272,82.18285714285715,51,23.32,40,58,24.0,22,22.84,27,47,5,0,0,7,5,18.0,136.0,102.0,238.0,23.247044375644997,16.97040909964936,35.75730788376045,65.13953488372093,84.58133971291866
CRO,6,4538,5,17,37,10.846153846153847,21,16,8,3.41,1.1753846153846155,12,0,149,1011,174,1901,1661,79.89263157894737,66,7.384615384615385,34,77,26.923076923076923,22,33.5,45,46,4,0,0,8,4,12.0,80.0,68.0,148.0,35.552405334603485,21.401724615816292,21.268773923342316,33.395348837209305,82.12918660287082
CUW,1,3296,0,7,29,0.7692307692307693,14,15,4,1.6900000000000002,0.125,5,0,121,983,160,968,770,75.26181818181819,21,7.8076923076923075,31,40,17.807692307692307,7,26.923076923076923,32,31,7,0,0,5,7,21.0,81.0,72.0,153.0,8.8205326665079,4.3493251501803,14.154508316311642,56.825581395348834,75.50837320574163
CZE,2,3305,2,8,34,1.3076923076923077,22,12,10,2.44,0.12576923076923077,15,0,119,857,121,1102,872,80.71333333333334,50,17.807692307692307,19,45,22.153846153846153,12,20.5,37,31,1,0,0,5,1,11.0,60.0,52.0,112.0,9.661133603238866,9.937489210972952,11.267829863197102,24.197674418604652,95.9090909090909
ECU,2,4467,2,20,53,2.423076923076923,35,18,12,5.890000000000001,1.0323076923076924,25,0,176,925,205,1985,1717,86.183,88,8.884615384615385,42,93,24.076923076923077,10,23.076923076923077,49,37,8,1,0,2,11,12.0,68.0,63.0,131.0,19.6708621100262,25.15606515324549,25.9614394342505,30.23255813953488,54.97607655502392
EGY,8,6005,8,19,67,8.08,42,25,10,5.74,0.8292,26,2,224,1360,238,2654,2304,84.78095238095239,83,12.0,40,112,29.88,41,50.0,59,67,12,0,0,4,12,14.0,119.0,105.0,224.0,38.8142435500516,34.25562488127406,45.580596989306365,52.53488372093024,47.88277511961723
ENG,20,9393,14,52,118,6.1923076923076925,88,30,27,15.04,0.5342307692307693,40,0,274,1931,338,4014,3577,85.06478260869565,175,14.846153846153847,85,207,55.23076923076923,48,45.11538461538461,81,116,8,1,0,15,11,25.0,159.0,132.0,291.0,84.14278796538859,58.13039384776463,68.27824885425426,92.5,44.06698564593302
ESP,13,9420,10,54,140,4.730769230769231,79,61,22,17.47,0.29846153846153844,54,0,399,1941,292,5470,4945,89.16761904761904,178,8.346153846153847,74,206,41.88461538461539,53,55.42307692307692,101,89,6,0,0,21,6,14.0,120.0,93.0,213.0,65.27281098674288,76.57670988553596,97.83248081841431,50.48837209302326,55.66985645933015
FRA,20,8900,18,59,139,3.68,77,62,10,16.79,0.2924,51,0,330,1972,343,4318,3864,89.51619047619047,129,7.12,87,170,36.04,41,57.0,84,74,6,0,0,14,6,15.0,108.0,86.0,194.0,84.15623529411765,60.223681230780656,82.21905628314938,49.45348837209303,61.465311004784695
GER,11,4860,10,28,74,7.884615384615385,48,26,12,8.66,0.6953846153846153,34,0,189,915,187,2721,2436,86.55869565217391,108,9.615384615384615,44,81,35.30769230769231,14,22.115384615384617,51,42,3,0,0,4,3,7.0,61.0,45.0,106.0,49.29094228784632,37.843086384492054,28.82331485264079,13.08139534883721,83.76794258373207
GHA,2,4548,2,3,23,5.769230769230769,12,11,3,2.34,0.11346153846153847,8,0,156,1160,183,1397,1172,80.72952380952381,48,8.653846153846153,31,61,25.115384615384617,23,32.0,56,47,6,0,0,8,6,16.0,86.0,77.0,163.0,15.314082718107485,14.68084910692844,25.771125491340396,46.18604651162791,71.01076555023924
HAI,1,3364,1,7,31,0.7692307692307693,16,15,5,1.61,0.25653846153846155,9,0,113,810,143,1098,928,79.00333333333333,42,12.461538461538462,22,42,22.153846153846153,13,23.076923076923077,55,43,7,0,0,7,7,13.0,56.0,48.0,104.0,7.044216877034215,9.366973933251069,8.95689936318852,27.70930232558139,67.66746411483254
IRN,3,3394,1,10,37,3.8461538461538463,26,11,7,4.57,0.23884615384615387,8,0,132,874,148,1051,814,74.3365,40,9.423076923076923,19,50,30.76923076923077,14,25.653846153846153,35,23,6,0,0,9,6,15.0,75.0,65.0,140.0,15.479856314995635,7.654986661901805,14.647608094886627,39.406976744186046,78.16985645933015
IRQ,1,3232,1,2,21,1.2692307692307692,12,9,6,2.1,0.20846153846153845,7,1,122,851,155,1129,917,79.69760000000001,24,10.0,22,48,28.384615384615383,14,24.346153846153847,27,31,4,1,0,1,7,10.0,94.0,81.0,175.0,5.854536794474876,11.296329044732738,11.857438335707787,33.418604651162795,77.21291866028709
JOR,3,3395,3,9,24,3.076923076923077,13,11,3,1.8699999999999999,0.3507692307692307,6,1,139,1148,166,914,694,77.904,31,8.884615384615385,33,52,20.346153846153847,11,14.615384615384615,31,23,4,0,0,3,4,8.0,70.0,56.0,126.0,17.023358736207033,5.488195759370392,21.547657872603377,19.302325581395348,86.9019138755981
JPN,8,4428,7,11,32,17.708333333333332,16,16,5,3.18,1.9375,13,0,137,1114,191,1728,1494,87.17608695652174,61,12.833333333333334,24,73,36.333333333333336,12,20.833333333333332,55,31,4,0,0,4,4,17.0,78.0,64.0,142.0,43.72368421052632,25.232641873353234,20.425685301841774,44.77906976744186,78.72009569377991
KOR,2,3292,2,11,32,1.9230769230769231,21,11,9,3.38,0.1696153846153846,12,0,106,563,86,1853,1650,85.4615,64,12.576923076923077,23,65,38.46153846153846,21,32.15384615384615,25,32,4,0,0,8,4,11.0,42.0,34.0,76.0,12.19826149083115,26.699930140906947,2.5747523987710053,17.5,88.94736842105263
KSA,1,3362,0,8,17,0.9615384615384616,8,9,3,1.52,0.04115384615384616,7,1,128,1035,140,1175,922,78.38,22,6.461538461538462,19,53,20.73076923076923,12,10.76923076923077,29,26,6,0,0,3,6,17.0,86.0,78.0,164.0,7.020183376994522,9.164328484502047,16.79624607356803,48.872093023255815,80.2153110047847
MAR,10,7120,9,26,69,11.304347826086957,39,30,10,6.57,0.9404347826086956,29,1,262,1433,301,3661,3237,87.16809523809523,97,8.565217391304348,66,109,35.52173913043478,26,48.56521739130435,72,87,7,0,0,9,7,19.0,112.0,91.0,203.0,54.54357921658366,50.0664067506136,55.90702724042637,61.127906976744185,61.872009569377994
MEX,10,5622,7,21,70,8.48,44,26,13,8.11,0.708,19,0,178,1065,177,2175,1902,87.1144,91,15.72,27,89,28.84,28,45.68,58,48,4,1,0,5,7,8.0,60.0,49.0,109.0,41.90197316821466,29.31055078554613,29.116660086853535,16.13953488372093,66.64473684210527
NED,10,4749,10,22,46,11.076923076923077,35,11,14,5.01,1.1853846153846155,18,0,165,939,143,2039,1797,83.95727272727272,79,16.807692307692307,29,78,38.0,11,18.26923076923077,44,43,3,0,0,8,3,17.0,57.0,54.0,111.0,45.580582678415496,28.029906395281806,23.64608901628933,39.01162790697674,86.1543062200957
NOR,12,7195,10,30,65,10.384615384615385,52,13,13,9.93,0.9257692307692308,29,0,193,1419,231,3114,2727,83.69959999999999,87,12.961538461538462,45,95,26.884615384615383,16,27.884615384615383,58,41,3,0,0,5,3,22.0,132.0,115.0,247.0,55.263594506628564,38.991009567784715,39.43043134966271,76.81395348837209,81.38157894736841
NZL,4,3365,3,15,31,3.72,19,12,6,2.48,0.3064,10,0,118,844,140,1335,1112,78.08588235294118,37,10.72,22,54,11.4,8,16.0,32,23,4,0,0,4,4,11.0,97.0,88.0,185.0,19.93386790505676,9.267892164112702,10.7835699205273,37.77906976744186,86.561004784689
PAN,0,3330,0,7,32,0.0,20,12,5,2.1799999999999997,0.0,12,0,147,753,175,1259,1039,80.2895,58,9.73076923076923,25,54,34.30769230769231,27,24.884615384615383,46,33,5,0,0,6,5,9.0,48.0,42.0,90.0,4.517543859649123,14.689453184901952,15.85012616076486,15.104651162790697,78.10406698564594
PAR,3,6027,3,8,35,3.3846153846153846,17,18,4,1.98,0.7011538461538461,10,1,249,1689,331,1360,945,71.65304347826087,47,7.538461538461538,30,71,12.23076923076923,18,36.53846153846154,66,61,9,1,0,5,12,28.0,141.0,124.0,265.0,16.427887592283877,4.909549801402416,57.763821898762416,95.16279069767441,45.49641148325358
POR,7,5694,4,17,62,6.076923076923077,40,22,8,6.3999999999999995,0.8480769230769231,22,0,188,1282,161,2946,2654,89.85636363636364,94,9.538461538461538,58,123,28.23076923076923,42,30.076923076923077,44,58,7,0,0,10,7,20.0,114.0,93.0,207.0,37.15282210050012,41.05943399630072,35.62805746751575,64.37209302325581,71.41746411483254
QAT,1,3281,1,6,17,3.8461538461538463,10,7,2,1.87,0.058076923076923075,9,2,101,832,122,912,708,73.68350000000001,28,10.538461538461538,12,71,20.076923076923077,11,21.807692307692307,36,28,4,2,0,4,10,16.0,124.0,103.0,227.0,8.194768595697392,3.1938742293409565,6.560102301790281,58.09302325581396,63.09210526315789
RSA,2,4350,1,11,39,1.4615384615384615,13,26,5,2.48,0.1276923076923077,11,0,158,1081,166,1855,1573,78.5078947368421,36,3.230769230769231,21,63,26.73076923076923,27,37.07692307692308,38,46,5,2,0,8,11,14.0,72.0,59.0,131.0,11.282257680400095,19.67334920975634,24.725578880516313,35.23255813953489,58.72607655502393
SCO,1,3364,0,7,29,1.2692307692307692,23,6,6,2.33,0.06846153846153846,12,0,107,775,109,1377,1193,84.55578947368421,53,16.346153846153847,13,45,37.26923076923077,17,30.115384615384617,42,39,5,0,0,2,5,9.0,75.0,64.0,139.0,5.8326069699134715,19.57227593924277,6.87614789131293,24.220930232558143,79.4677033492823
SEN,10,5048,9,22,68,6.6923076923076925,38,30,7,7.220000000000001,0.7061538461538461,22,0,165,1055,170,2248,1978,88.09409090909091,90,14.115384615384615,38,98,34.19230769230769,31,36.53846153846154,36,48,3,0,0,10,3,13.0,87.0,70.0,157.0,42.404862268794155,32.08669281594393,25.871152954908254,37.56976744186046,88.88157894736842
SUI,10,7331,6,30,74,5.08,50,24,7,9.59,0.40840000000000004,28,1,285,1581,281,3231,2798,82.67608695652174,122,7.4,40,152,35.2,34,28.0,87,89,8,1,1,13,13,20.0,100.0,88.0,188.0,43.78565737874097,41.59703240171948,64.14858648449166,60.837209302325576,34.6531100478469
SWE,7,4400,6,23,48,5.769230769230769,30,18,8,4.65,0.5700000000000001,18,0,150,859,150,1569,1293,82.10045454545455,62,10.192307692307692,28,75,33.26923076923077,13,31.423076923076923,43,50,5,0,0,9,5,16.0,76.0,66.0,142.0,32.98952131459871,19.280264421419254,18.58807222918347,42.27906976744186,79.12679425837321
TUN,2,3276,2,6,18,5.115384615384615,6,12,4,1.1300000000000001,0.5203846153846154,9,1,109,802,131,1011,812,80.608,35,8.153846153846153,11,40,17.423076923076923,21,24.846153846153847,27,34,1,0,0,9,1,7.0,77.0,64.0,141.0,11.680884337540684,7.777921542083677,7.863849362330283,19.59302325581395,99.31818181818181
TUR,3,3439,2,14,70,8.0,37,33,7,5.5,0.7573076923076923,22,0,121,490,123,1844,1610,82.30636363636364,84,8.73076923076923,37,75,34.23076923076923,30,31.76923076923077,31,38,2,0,0,7,2,8.0,55.0,46.0,101.0,25.127399380804956,23.65988093393698,4.697986577181208,14.651162790697676,94.27033492822967
URU,3,3435,1,13,49,2.8846153846153846,27,22,15,3.95,0.12153846153846154,26,0,133,745,130,1445,1251,76.72235294117647,87,7.576923076923077,20,74,32.46153846153846,19,26.923076923076923,31,29,5,1,0,14,8,4.0,48.0,39.0,87.0,15.643883464316902,15.02897904719262,12.40808287131602,2.046511627906977,72.16507177033493
USA,9,5718,4,19,59,7.1923076923076925,47,12,12,6.36,0.9219230769230771,26,0,220,1076,216,2606,2254,85.44565217391305,90,9.923076923076923,65,140,36.42307692307692,27,37.19230769230769,56,64,7,1,0,11,10,10.0,79.0,65.0,144.0,44.99588394062079,35.444796237394534,39.193429341389304,27.651162790697676,56.273923444976084
UZB,2,3415,1,5,18,2.32,10,8,2,1.7,0.2716,9,1,134,940,140,1059,828,78.52136363636363,34,5.28,26,51,23.64,17,34.68,45,29,4,0,0,3,4,6.0,82.0,65.0,147.0,11.13339318885449,8.478862225121249,16.383391407336205,18.209302325581394,82.12918660287082
